time,side,open,high,low,close,line_s,hl,line_l,lh
2024-05-09 09:10:00,多,20708.0,20725.0,20698.0,20725.0,20698.0,20698.0,20721.0,0.0
2024-05-09 10:20:00,空,20714.0,20716.0,20661.0,20669.0,20705.0,20731.0,20716.0,20716.0
2024-05-09 10:50:00,空,20683.0,20685.0,20664.0,20671.0,20673.0,20688.0,20685.0,20685.0
2024-05-09 11:25:00,多,20691.0,20699.0,20687.0,20696.0,20687.0,20687.0,20695.0,20681.0
2024-05-09 12:25:00,空,20695.0,20698.0,20683.0,20683.0,20694.0,20699.0,20698.0,20698.0
2024-05-09 12:55:00,空,20680.0,20681.0,20666.0,20668.0,20677.0,20686.0,20681.0,20681.0
2024-05-09 13:25:00,空,20653.0,20655.0,20620.0,20624.0,20644.0,20661.0,20655.0,20655.0
2024-05-10 09:10:00,空,20717.0,20722.0,20695.0,20704.0,20705.0,20725.0,20722.0,20722.0
2024-05-10 09:45:00,空,20666.0,20667.0,20621.0,20630.0,20653.0,20682.0,20667.0,20667.0
2024-05-10 10:25:00,多,20660.0,20680.0,20656.0,20678.0,20656.0,20656.0,20666.0,20652.0
2024-05-10 11:00:00,多,20693.0,20705.0,20690.0,20704.0,20690.0,20690.0,20694.0,20678.0
2024-05-10 11:25:00,空,20695.0,20695.0,20683.0,20685.0,20695.0,20704.0,20695.0,20695.0
2024-05-10 12:05:00,多,20696.0,20703.0,20693.0,20702.0,20693.0,20693.0,20699.0,20688.0
2024-05-10 12:40:00,多,20740.0,20758.0,20740.0,20752.0,20740.0,20740.0,20746.0,20713.0
2024-05-10 13:00:00,多,20792.0,20828.0,20789.0,20823.0,20789.0,20789.0,20796.0,20784.0
2024-05-13 09:05:00,空,20935.0,20939.0,20888.0,20889.0,20925.0,20949.0,20939.0,20939.0
2024-05-13 09:45:00,空,20896.0,20906.0,20881.0,20882.0,20887.0,20909.0,20906.0,20906.0
2024-05-13 12:05:00,空,20895.0,20895.0,20877.0,20880.0,20887.0,20911.0,20895.0,20895.0
2024-05-13 13:00:00,多,20858.0,20877.0,20857.0,20877.0,20833.0,20868.0,20874.0,20856.0
2024-05-14 09:50:00,多,20915.0,20923.0,20908.0,20921.0,20868.0,20917.0,20919.0,20907.0
2024-05-14 12:05:00,多,20975.0,20981.0,20973.0,20981.0,20973.0,20973.0,20979.0,20932.0
2024-05-14 13:15:00,多,20990.0,21009.0,20990.0,21007.0,20990.0,20990.0,20999.0,20988.0
2024-05-15 09:45:00,多,21212.0,21235.0,21212.0,21233.0,21212.0,21212.0,21215.0,21191.0
2024-05-15 10:05:00,多,21280.0,21299.0,21276.0,21295.0,21276.0,21276.0,21290.0,21275.0
2024-05-15 11:40:00,空,21267.0,21267.0,21232.0,21243.0,21247.0,21326.0,21267.0,21267.0
2024-05-15 12:25:00,空,21237.0,21238.0,21210.0,21212.0,21230.0,21241.0,21238.0,21238.0
2024-05-15 13:00:00,空,21165.0,21170.0,21132.0,21139.0,21159.0,21182.0,21170.0,21170.0
2024-05-16 09:20:00,多,21494.0,21522.0,21494.0,21516.0,21494.0,21494.0,21510.0,21475.0
2024-05-16 09:55:00,空,21495.0,21498.0,21470.0,21482.0,21488.0,21505.0,21498.0,21498.0
2024-05-16 11:40:00,空,21385.0,21387.0,21361.0,21364.0,21374.0,21431.0,21387.0,21387.0
2024-05-16 12:10:00,多,21388.0,21397.0,21382.0,21396.0,21382.0,21382.0,21392.0,21368.0
2024-05-16 12:30:00,空,21379.0,21383.0,21365.0,21365.0,21372.0,21386.0,21383.0,21383.0
2024-05-16 12:55:00,空,21359.0,21361.0,21353.0,21353.0,21355.0,21366.0,21361.0,21361.0
2024-05-17 08:55:00,多,21352.0,21372.0,21347.0,21368.0,21347.0,21347.0,21360.0,21346.0
2024-05-17 09:30:00,多,21355.0,21377.0,21354.0,21371.0,21318.0,21353.0,21366.0,21339.0
2024-05-17 10:30:00,空,21365.0,21368.0,21337.0,21340.0,21354.0,21372.0,21368.0,21368.0
2024-05-17 11:05:00,空,21327.0,21330.0,21302.0,21308.0,21315.0,21331.0,21330.0,21330.0
2024-05-17 11:25:00,多,21330.0,21341.0,21328.0,21339.0,21328.0,21328.0,21330.0,21323.0
2024-05-17 12:50:00,空,21317.0,21319.0,21302.0,21304.0,21308.0,21329.0,21319.0,21319.0
2024-05-17 13:10:00,多,21341.0,21360.0,21340.0,21354.0,21340.0,21340.0,21344.0,21315.0
2024-05-17 13:25:00,空,21342.0,21343.0,21315.0,21318.0,21340.0,21348.0,21343.0,21343.0
2024-05-17 13:35:00,多,21333.0,21345.0,21333.0,21342.0,21333.0,21333.0,21332.0,21332.0
2024-05-20 11:35:00,空,21337.0,21338.0,21210.0,21245.0,21305.0,21413.0,21338.0,21338.0
2024-05-20 12:35:00,空,21266.0,21269.0,21233.0,21233.0,21263.0,21275.0,21269.0,21269.0
2024-05-20 13:00:00,多,21265.0,21325.0,21263.0,21319.0,21263.0,21263.0,21273.0,21253.0
2024-05-21 09:50:00,空,21261.0,21262.0,21215.0,21223.0,21254.0,21311.0,21262.0,21262.0
2024-05-21 10:20:00,多,21239.0,21266.0,21236.0,21261.0,21236.0,21236.0,21244.0,21216.0
2024-05-21 11:30:00,多,21288.0,21305.0,21284.0,21301.0,21284.0,21284.0,21297.0,21282.0
2024-05-21 12:45:00,空,21287.0,21287.0,21275.0,21277.0,21278.0,21292.0,21287.0,21287.0
2024-05-22 08:55:00,多,21339.0,21356.0,21329.0,21352.0,21329.0,21329.0,21340.0,21310.0
2024-05-22 09:45:00,多,21396.0,21449.0,21396.0,21441.0,21396.0,21396.0,21436.0,21395.0
2024-05-22 10:05:00,多,21488.0,21503.0,21477.0,21496.0,21477.0,21477.0,21489.0,21446.0
2024-05-22 10:50:00,多,21524.0,21550.0,21524.0,21546.0,21524.0,21524.0,21534.0,21504.0
2024-05-22 12:20:00,多,21591.0,21604.0,21589.0,21602.0,21589.0,21589.0,21598.0,21576.0
2024-05-22 13:15:00,空,21591.0,21592.0,21575.0,21582.0,21589.0,21599.0,21592.0,21592.0
2024-05-23 09:15:00,空,21555.0,21568.0,21516.0,21519.0,21554.0,21606.0,21568.0,21568.0
2024-05-23 09:35:00,多,21582.0,21604.0,21575.0,21598.0,21575.0,21575.0,21586.0,21548.0
2024-05-24 09:15:00,多,21513.0,21522.0,21495.0,21520.0,21495.0,21495.0,21518.0,21480.0
2024-05-24 09:45:00,多,21528.0,21548.0,21523.0,21542.0,21523.0,21523.0,21540.0,21518.0
2024-05-24 10:10:00,空,21536.0,21537.0,21511.0,21514.0,21532.0,21539.0,21537.0,21537.0
2024-05-24 10:25:00,多,21544.0,21555.0,21535.0,21553.0,21535.0,21535.0,21545.0,21524.0
2024-05-24 11:00:00,多,21549.0,21573.0,21548.0,21568.0,21548.0,21548.0,21560.0,21545.0
2024-05-24 12:10:00,多,21600.0,21617.0,21599.0,21610.0,21599.0,21599.0,21608.0,21570.0
2024-05-24 12:45:00,空,21585.0,21588.0,21571.0,21571.0,21581.0,21605.0,21588.0,21588.0
2024-05-24 13:40:00,空,21574.0,21577.0,21564.0,21565.0,21567.0,21585.0,21577.0,21577.0
2024-05-27 09:15:00,多,21784.0,21813.0,21781.0,21809.0,21781.0,21781.0,21791.0,21696.0
2024-05-27 09:55:00,多,21877.0,21908.0,21877.0,21905.0,21877.0,21877.0,21887.0,21856.0
2024-05-27 11:15:00,空,21880.0,21880.0,21853.0,21854.0,21860.0,21890.0,21880.0,21880.0
2024-05-27 13:15:00,多,21846.0,21858.0,21842.0,21855.0,21790.0,21854.0,21846.0,21826.0
2024-05-28 09:55:00,多,21915.0,21934.0,21912.0,21932.0,21912.0,21912.0,21926.0,21891.0
2024-05-28 11:25:00,多,21955.0,21960.0,21946.0,21959.0,21946.0,21946.0,21957.0,21918.0
2024-05-28 13:00:00,多,21949.0,21971.0,21948.0,21964.0,21948.0,21948.0,21961.0,21944.0
2024-05-28 13:30:00,空,21959.0,21961.0,21936.0,21937.0,21953.0,21985.0,21961.0,21961.0
2024-05-29 09:35:00,空,21839.0,21842.0,21800.0,21808.0,21837.0,21869.0,21842.0,21842.0
2024-05-29 09:50:00,多,21824.0,21838.0,21819.0,21838.0,21819.0,21819.0,21825.0,21808.0
2024-05-29 10:40:00,空,21835.0,21835.0,21815.0,21820.0,21830.0,21840.0,21835.0,21835.0
2024-05-29 11:05:00,空,21786.0,21794.0,21766.0,21773.0,21780.0,21807.0,21794.0,21794.0
2024-05-29 11:30:00,空,21782.0,21783.0,21762.0,21763.0,21778.0,21789.0,21783.0,21783.0
2024-05-29 12:05:00,空,21760.0,21760.0,21743.0,21747.0,21752.0,21763.0,21760.0,21760.0
2024-05-29 13:00:00,多,21774.0,21791.0,21772.0,21790.0,21772.0,21772.0,21780.0,21762.0
2024-05-29 13:25:00,空,21773.0,21777.0,21731.0,21739.0,21769.0,21784.0,21777.0,21777.0
2024-05-30 10:20:00,空,21515.0,21518.0,21485.0,21488.0,21509.0,21527.0,21518.0,21518.0
2024-05-30 11:10:00,空,21479.0,21480.0,21462.0,21464.0,21474.0,21491.0,21480.0,21480.0
2024-05-30 12:10:00,空,21458.0,21463.0,21440.0,21446.0,21455.0,21465.0,21463.0,21463.0
2024-05-30 12:35:00,空,21425.0,21428.0,21394.0,21399.0,21415.0,21429.0,21428.0,21428.0
2024-05-31 09:55:00,多,21510.0,21573.0,21507.0,21568.0,21507.0,21507.0,21522.0,21493.0
2024-05-31 10:20:00,空,21529.0,21529.0,21510.0,21511.0,21515.0,21552.0,21529.0,21529.0
2024-05-31 10:40:00,空,21478.0,21488.0,21430.0,21435.0,21475.0,21490.0,21488.0,21488.0
2024-05-31 11:25:00,多,21418.0,21452.0,21418.0,21450.0,21301.0,21404.0,21423.0,21407.0
2024-05-31 12:05:00,空,21424.0,21429.0,21411.0,21412.0,21415.0,21434.0,21429.0,21429.0
2024-05-31 12:35:00,空,21378.0,21379.0,21325.0,21330.0,21366.0,21399.0,21379.0,21379.0
2024-05-31 13:20:00,空,21333.0,21335.0,21315.0,21318.0,21329.0,21340.0,21335.0,21335.0
2024-06-03 09:10:00,空,21502.0,21505.0,21456.0,21477.0,21495.0,21513.0,21505.0,21505.0
2024-06-03 10:00:00,多,21549.0,21628.0,21548.0,21601.0,21548.0,21548.0,21562.0,21487.0
2024-06-03 10:20:00,多,21654.0,21666.0,21641.0,21665.0,21641.0,21641.0,21658.0,21630.0
2024-06-03 10:45:00,多,21670.0,21693.0,21670.0,21685.0,21670.0,21670.0,21674.0,21661.0
2024-06-03 11:50:00,空,21660.0,21661.0,21642.0,21646.0,21654.0,21669.0,21661.0,21661.0
2024-06-03 12:05:00,空,21637.0,21644.0,21626.0,21626.0,21637.0,21646.0,21644.0,21644.0
2024-06-03 12:25:00,多,21641.0,21659.0,21641.0,21657.0,21641.0,21641.0,21644.0,21633.0
2024-06-03 12:55:00,空,21650.0,21653.0,21635.0,21637.0,21644.0,21659.0,21653.0,21653.0
2024-06-04 09:30:00,空,21466.0,21473.0,21420.0,21430.0,21446.0,21494.0,21473.0,21473.0
2024-06-04 10:20:00,空,21445.0,21448.0,21425.0,21425.0,21433.0,21482.0,21448.0,21448.0
2024-06-04 10:35:00,空,21370.0,21376.0,21356.0,21359.0,21368.0,21379.0,21376.0,21376.0
2024-06-04 10:55:00,空,21324.0,21327.0,21295.0,21309.0,21314.0,21345.0,21327.0,21327.0
2024-06-04 11:10:00,多,21331.0,21352.0,21328.0,21342.0,21328.0,21328.0,21335.0,21319.0
2024-06-04 11:55:00,空,21359.0,21369.0,21348.0,21350.0,21355.0,21375.0,21369.0,21369.0
2024-06-04 12:10:00,多,21361.0,21375.0,21360.0,21370.0,21360.0,21360.0,21365.0,21349.0
2024-06-04 12:45:00,空,21373.0,21379.0,21351.0,21351.0,21371.0,21381.0,21379.0,21379.0
2024-06-05 09:15:00,空,21315.0,21320.0,21272.0,21280.0,21313.0,21349.0,21320.0,21320.0
2024-06-05 09:30:00,多,21295.0,21325.0,21293.0,21314.0,21293.0,21293.0,21296.0,21288.0
2024-06-05 10:00:00,多,21374.0,21397.0,21371.0,21387.0,21371.0,21371.0,21383.0,21365.0
2024-06-05 10:15:00,多,21457.0,21487.0,21457.0,21478.0,21457.0,21457.0,21465.0,21408.0
2024-06-05 10:50:00,空,21417.0,21426.0,21371.0,21382.0,21405.0,21460.0,21426.0,21426.0
2024-06-05 11:20:00,多,21391.0,21405.0,21388.0,21399.0,21388.0,21388.0,21393.0,21380.0
2024-06-05 12:00:00,多,21449.0,21466.0,21446.0,21462.0,21446.0,21446.0,21458.0,21417.0
2024-06-05 12:30:00,多,21443.0,21458.0,21443.0,21454.0,21410.0,21443.0,21448.0,21434.0
2024-06-06 10:45:00,多,21875.0,21907.0,21874.0,21903.0,21791.0,21826.0,21888.0,21837.0
2024-06-06 11:05:00,多,21922.0,21944.0,21920.0,21940.0,21920.0,21920.0,21926.0,21910.0
2024-06-06 12:15:00,空,21942.0,21945.0,21906.0,21912.0,21919.0,21949.0,21945.0,21945.0
2024-06-06 12:55:00,多,21930.0,21940.0,21927.0,21938.0,21927.0,21927.0,21931.0,21917.0
2024-06-06 13:20:00,空,21926.0,21931.0,21872.0,21888.0,21925.0,21932.0,21931.0,21931.0
2024-06-07 09:10:00,多,21850.0,21864.0,21840.0,21864.0,21840.0,21840.0,21855.0,21831.0
2024-06-07 10:55:00,空,21830.0,21832.0,21798.0,21800.0,21805.0,21854.0,21832.0,21832.0
2024-06-07 11:20:00,多,21841.0,21855.0,21838.0,21853.0,21838.0,21838.0,21843.0,21830.0
2024-06-07 12:35:00,多,21851.0,21860.0,21851.0,21860.0,21825.0,21849.0,21855.0,21848.0
2024-06-07 13:00:00,空,21854.0,21858.0,21849.0,21851.0,21852.0,21859.0,21858.0,21858.0
2024-06-07 13:25:00,空,21848.0,21850.0,21834.0,21838.0,21845.0,21854.0,21850.0,21850.0
2024-06-11 09:55:00,多,21890.0,21924.0,21887.0,21920.0,21832.0,21854.0,21917.0,21877.0
2024-06-11 10:30:00,空,21884.0,21890.0,21846.0,21858.0,21880.0,21924.0,21890.0,21890.0
2024-06-11 12:25:00,多,21836.0,21846.0,21835.0,21845.0,21787.0,21847.0,21837.0,21825.0
2024-06-11 12:45:00,空,21832.0,21832.0,21816.0,21818.0,21822.0,21838.0,21832.0,21832.0
2024-06-11 13:25:00,空,21818.0,21822.0,21797.0,21801.0,21803.0,21828.0,21822.0,21822.0
2024-06-12 09:05:00,多,21830.0,21874.0,21823.0,21867.0,21823.0,21823.0,21845.0,21815.0
2024-06-12 10:55:00,多,21903.0,21934.0,21902.0,21930.0,21845.0,21935.0,21907.0,21887.0
2024-06-12 11:55:00,多,21990.0,22000.0,21990.0,21996.0,21990.0,21990.0,21995.0,21962.0
2024-06-12 13:05:00,多,22017.0,22034.0,22014.0,22028.0,22014.0,22014.0,22026.0,21996.0
2024-06-13 09:10:00,多,22345.0,22377.0,22338.0,22369.0,22338.0,22338.0,22352.0,22310.0
2024-06-13 09:25:00,多,22392.0,22427.0,22390.0,22426.0,22390.0,22390.0,22395.0,22384.0
2024-06-13 10:10:00,空,22353.0,22374.0,22315.0,22319.0,22328.0,22435.0,22374.0,22374.0
2024-06-13 11:15:00,多,22272.0,22291.0,22267.0,22287.0,22207.0,22263.0,22286.0,22258.0
2024-06-13 12:40:00,多,22302.0,22334.0,22299.0,22333.0,22299.0,22299.0,22305.0,22284.0
2024-06-13 13:05:00,空,22317.0,22332.0,22305.0,22307.0,22313.0,22333.0,22332.0,22332.0
2024-06-14 09:20:00,空,22322.0,22324.0,22298.0,22303.0,22307.0,22325.0,22324.0,22324.0
2024-06-14 09:50:00,多,22315.0,22342.0,22311.0,22340.0,22311.0,22311.0,22317.0,22303.0
2024-06-14 10:15:00,空,22325.0,22326.0,22304.0,22306.0,22319.0,22332.0,22326.0,22326.0
2024-06-14 10:30:00,多,22340.0,22384.0,22335.0,22379.0,22335.0,22335.0,22342.0,22324.0
2024-06-14 12:50:00,多,22453.0,22465.0,22450.0,22464.0,22450.0,22450.0,22462.0,22390.0
2024-06-14 13:35:00,多,22483.0,22506.0,22481.0,22503.0,22481.0,22481.0,22494.0,22477.0
2024-06-17 09:50:00,多,22500.0,22513.0,22485.0,22510.0,22485.0,22485.0,22508.0,22454.0
2024-06-17 10:20:00,空,22520.0,22522.0,22496.0,22497.0,22506.0,22534.0,22522.0,22522.0
2024-06-17 11:40:00,空,22514.0,22514.0,22502.0,22502.0,22506.0,22524.0,22514.0,22514.0
2024-06-17 12:35:00,空,22493.0,22495.0,22471.0,22478.0,22480.0,22497.0,22495.0,22495.0
2024-06-17 13:35:00,多,22477.0,22490.0,22476.0,22486.0,22476.0,22476.0,22481.0,22464.0
2024-06-18 09:40:00,空,22699.0,22713.0,22673.0,22681.0,22692.0,22755.0,22713.0,22713.0
2024-06-18 10:20:00,多,22731.0,22773.0,22730.0,22756.0,22730.0,22730.0,22735.0,22708.0
2024-06-18 11:10:00,多,22778.0,22800.0,22778.0,22794.0,22778.0,22778.0,22785.0,22774.0
2024-06-18 11:30:00,空,22777.0,22780.0,22757.0,22765.0,22775.0,22788.0,22780.0,22780.0
2024-06-18 12:05:00,多,22787.0,22806.0,22784.0,22801.0,22784.0,22784.0,22793.0,22770.0
2024-06-18 12:45:00,空,22790.0,22792.0,22781.0,22783.0,22789.0,22798.0,22792.0,22792.0
2024-06-19 09:20:00,多,22999.0,23020.0,22999.0,23015.0,22999.0,22999.0,23005.0,22970.0
2024-06-19 09:35:00,多,23050.0,23080.0,23046.0,23067.0,23046.0,23046.0,23050.0,23037.0
2024-06-19 10:30:00,多,23159.0,23183.0,23137.0,23180.0,23137.0,23137.0,23162.0,23090.0
2024-06-19 11:00:00,多,23206.0,23245.0,23203.0,23245.0,23203.0,23203.0,23219.0,23202.0
2024-06-19 11:20:00,空,23222.0,23222.0,23139.0,23167.0,23192.0,23249.0,23222.0,23222.0
2024-06-19 12:30:00,空,23192.0,23193.0,23126.0,23155.0,23160.0,23219.0,23193.0,23193.0
2024-06-19 12:55:00,多,23181.0,23241.0,23176.0,23234.0,23176.0,23176.0,23214.0,23150.0
2024-06-20 09:15:00,多,23162.0,23197.0,23156.0,23184.0,23156.0,23156.0,23164.0,23146.0
2024-06-20 10:30:00,多,23207.0,23226.0,23200.0,23221.0,23200.0,23200.0,23213.0,23182.0
2024-06-20 11:50:00,多,23205.0,23224.0,23204.0,23216.0,23182.0,23198.0,23213.0,23202.0
2024-06-20 12:05:00,多,23225.0,23251.0,23224.0,23248.0,23224.0,23224.0,23232.0,23223.0
2024-06-20 12:35:00,多,23269.0,23308.0,23268.0,23306.0,23268.0,23268.0,23287.0,23267.0
2024-06-20 13:30:00,多,23346.0,23370.0,23343.0,23368.0,23343.0,23343.0,23350.0,23328.0
2024-06-21 09:00:00,多,23094.0,23155.0,23094.0,23153.0,23094.0,23094.0,23110.0,23092.0
2024-06-21 09:50:00,多,23146.0,23182.0,23132.0,23173.0,23132.0,23132.0,23154.0,23128.0
2024-06-21 11:45:00,空,23232.0,23236.0,23202.0,23204.0,23209.0,23248.0,23236.0,23236.0
2024-06-21 13:20:00,多,23233.0,23244.0,23229.0,23242.0,23229.0,23229.0,23235.0,23195.0
2024-06-24 09:05:00,空,22950.0,22951.0,22851.0,22890.0,22933.0,22961.0,22951.0,22951.0
2024-06-24 09:35:00,空,22804.0,22835.0,22762.0,22768.0,22781.0,22840.0,22835.0,22835.0
2024-06-24 10:15:00,空,22778.0,22793.0,22750.0,22750.0,22751.0,22794.0,22793.0,22793.0
2024-06-24 11:00:00,多,22808.0,22865.0,22806.0,22861.0,22806.0,22806.0,22808.0,22781.0
2024-06-25 09:05:00,空,22552.0,22573.0,22513.0,22521.0,22552.0,22614.0,22573.0,22573.0
2024-06-25 09:35:00,多,22530.0,22555.0,22507.0,22548.0,22507.0,22507.0,22534.0,22496.0
2024-06-25 09:50:00,多,22634.0,22673.0,22614.0,22671.0,22614.0,22614.0,22651.0,22569.0
2024-06-25 10:25:00,多,22661.0,22698.0,22637.0,22695.0,22637.0,22637.0,22668.0,22636.0
2024-06-25 11:15:00,空,22663.0,22679.0,22636.0,22644.0,22662.0,22696.0,22679.0,22679.0
2024-06-25 11:50:00,空,22664.0,22669.0,22656.0,22657.0,22661.0,22674.0,22669.0,22669.0
2024-06-25 12:45:00,多,22698.0,22716.0,22685.0,22711.0,22685.0,22685.0,22709.0,22656.0
2024-06-25 13:10:00,多,22746.0,22776.0,22746.0,22768.0,22746.0,22746.0,22754.0,22720.0
2024-06-26 09:20:00,多,22894.0,22961.0,22886.0,22949.0,22886.0,22886.0,22944.0,22835.0
2024-06-26 09:55:00,多,22956.0,22983.0,22955.0,22976.0,22955.0,22955.0,22965.0,22945.0
2024-06-26 11:15:00,空,22938.0,22942.0,22870.0,22874.0,22931.0,22974.0,22942.0,22942.0
2024-06-26 12:05:00,多,22813.0,22840.0,22812.0,22839.0,22744.0,22826.0,22825.0,22808.0
2024-06-26 13:15:00,多,22862.0,22878.0,22858.0,22877.0,22858.0,22858.0,22869.0,22850.0
2024-06-27 09:00:00,多,22628.0,22685.0,22626.0,22667.0,22626.0,22626.0,22638.0,22620.0
2024-06-27 10:00:00,多,22722.0,22783.0,22719.0,22778.0,22719.0,22719.0,22740.0,22673.0
2024-06-28 09:00:00,空,22828.0,22853.0,22805.0,22815.0,22826.0,22882.0,22853.0,22853.0
2024-06-28 09:25:00,多,22868.0,22903.0,22868.0,22894.0,22868.0,22868.0,22876.0,22845.0
2024-06-28 09:45:00,多,22938.0,22964.0,22937.0,22954.0,22937.0,22937.0,22942.0,22911.0
2024-06-28 10:10:00,多,23041.0,23077.0,23025.0,23074.0,23025.0,23025.0,23066.0,22998.0
2024-06-28 11:05:00,空,23049.0,23051.0,23013.0,23029.0,23046.0,23083.0,23051.0,23051.0
2024-06-28 13:25:00,空,23000.0,23004.0,22975.0,22975.0,22993.0,23046.0,23004.0,23004.0
2024-07-01 09:30:00,多,23045.0,23060.0,23038.0,23058.0,23038.0,23038.0,23050.0,23034.0
2024-07-01 10:10:00,多,23123.0,23150.0,23115.0,23146.0,23115.0,23115.0,23134.0,23092.0
2024-07-01 12:05:00,空,23095.0,23099.0,23056.0,23064.0,23090.0,23137.0,23099.0,23099.0
2024-07-01 12:45:00,空,23016.0,23025.0,22977.0,22994.0,23009.0,23065.0,23025.0,23025.0
2024-07-02 09:40:00,多,22867.0,22897.0,22864.0,22897.0,22864.0,22864.0,22888.0,22797.0
2024-07-02 10:25:00,空,22952.0,22954.0,22920.0,22925.0,22946.0,22958.0,22954.0,22954.0
2024-07-02 10:40:00,空,22888.0,22892.0,22822.0,22843.0,22883.0,22900.0,22892.0,22892.0
2024-07-02 11:15:00,空,22804.0,22807.0,22745.0,22765.0,22788.0,22842.0,22807.0,22807.0
2024-07-02 12:40:00,空,22821.0,22821.0,22795.0,22799.0,22808.0,22823.0,22821.0,22821.0
2024-07-02 13:20:00,多,22821.0,22834.0,22820.0,22831.0,22820.0,22820.0,22830.0,22802.0
2024-07-03 09:20:00,空,23016.0,23025.0,22985.0,22999.0,23003.0,23054.0,23025.0,23025.0
2024-07-03 10:05:00,多,23040.0,23096.0,23035.0,23094.0,23035.0,23035.0,23053.0,23019.0
2024-07-03 12:10:00,多,23140.0,23152.0,23137.0,23151.0,23137.0,23137.0,23148.0,23100.0
2024-07-03 13:40:00,多,23155.0,23188.0,23154.0,23185.0,23154.0,23154.0,23158.0,23149.0
2024-07-04 09:50:00,多,23541.0,23564.0,23540.0,23560.0,23540.0,23540.0,23555.0,23498.0
2024-07-04 10:30:00,多,23572.0,23602.0,23570.0,23595.0,23570.0,23570.0,23587.0,23565.0
2024-07-04 11:20:00,空,23589.0,23599.0,23562.0,23572.0,23587.0,23606.0,23599.0,23599.0
2024-07-04 12:35:00,多,23551.0,23569.0,23543.0,23568.0,23490.0,23542.0,23553.0,23542.0
2024-07-04 12:55:00,多,23584.0,23611.0,23583.0,23610.0,23583.0,23583.0,23586.0,23572.0
2024-07-04 13:15:00,多,23605.0,23626.0,23600.0,23619.0,23600.0,23600.0,23608.0,23595.0
2024-07-05 09:20:00,空,23628.0,23628.0,23573.0,23592.0,23614.0,23630.0,23628.0,23628.0
2024-07-05 13:40:00,多,23554.0,23576.0,23552.0,23570.0,23526.0,23608.0,23559.0,23547.0
2024-07-08 09:10:00,多,23574.0,23615.0,23572.0,23613.0,23572.0,23572.0,23589.0,23552.0
2024-07-08 10:15:00,多,23802.0,23846.0,23802.0,23842.0,23802.0,23802.0,23833.0,23704.0
2024-07-08 10:30:00,多,23882.0,23895.0,23875.0,23890.0,23875.0,23875.0,23888.0,23844.0
2024-07-08 11:00:00,多,23952.0,23978.0,23946.0,23975.0,23946.0,23946.0,23968.0,23912.0
2024-07-08 12:30:00,多,23961.0,23973.0,23957.0,23970.0,23923.0,23946.0,23962.0,23950.0
2024-07-08 13:35:00,空,23914.0,23915.0,23892.0,23893.0,23896.0,23957.0,23915.0,23915.0
2024-07-09 09:10:00,多,23924.0,23985.0,23918.0,23984.0,23918.0,23918.0,23938.0,23898.0
2024-07-09 09:25:00,多,24018.0,24050.0,24008.0,24048.0,24008.0,24008.0,24024.0,23990.0
2024-07-09 09:45:00,空,23902.0,23949.0,23837.0,23855.0,23896.0,24063.0,23949.0,23949.0
2024-07-09 10:15:00,多,23763.0,23801.0,23735.0,23796.0,23624.0,23747.0,23785.0,23710.0
2024-07-10 09:50:00,空,23800.0,23803.0,23732.0,23736.0,23794.0,23814.0,23803.0,23803.0
2024-07-10 10:15:00,多,23775.0,23885.0,23774.0,23879.0,23774.0,23774.0,23798.0,23744.0
2024-07-10 12:55:00,多,23944.0,23998.0,23944.0,23995.0,23944.0,23944.0,23976.0,23902.0
2024-07-11 09:40:00,多,24232.0,24319.0,24231.0,24306.0,24231.0,24231.0,24248.0,24206.0
2024-07-11 12:00:00,多,24372.0,24396.0,24365.0,24394.0,24365.0,24365.0,24383.0,24342.0
2024-07-11 13:40:00,多,24359.0,24374.0,24358.0,24367.0,24305.0,24381.0,24363.0,24346.0
2024-07-12 08:55:00,空,23990.0,23990.0,23926.0,23935.0,23982.0,24023.0,23990.0,23990.0
2024-07-12 09:45:00,空,23921.0,23951.0,23836.0,23842.0,23907.0,23980.0,23951.0,23951.0
2024-07-12 10:30:00,多,23929.0,23979.0,23924.0,23961.0,23924.0,23924.0,23944.0,23847.0
2024-07-12 12:15:00,空,23874.0,23876.0,23845.0,23855.0,23863.0,23927.0,23876.0,23876.0
2024-07-12 13:40:00,空,23820.0,23829.0,23806.0,23808.0,23814.0,23835.0,23829.0,23829.0
2024-07-15 08:55:00,空,24034.0,24042.0,23966.0,23975.0,24031.0,24058.0,24042.0,24042.0
2024-07-15 09:25:00,空,23840.0,23841.0,23756.0,23769.0,23814.0,23934.0,23841.0,23841.0
2024-07-15 09:45:00,空,23856.0,23878.0,23818.0,23822.0,23855.0,23884.0,23878.0,23878.0
2024-07-16 10:00:00,多,23989.0,24055.0,23987.0,24036.0,23987.0,23987.0,23995.0,23894.0
2024-07-16 11:05:00,空,24100.0,24105.0,24033.0,24034.0,24083.0,24142.0,24105.0,24105.0
2024-07-16 11:50:00,空,24007.0,24019.0,23932.0,23943.0,23983.0,24023.0,24019.0,24019.0
2024-07-16 12:10:00,多,23971.0,23995.0,23971.0,23987.0,23971.0,23971.0,23974.0,23945.0
2024-07-18 09:30:00,多,23392.0,23419.0,23383.0,23406.0,23383.0,23383.0,23397.0,23358.0
2024-07-18 10:15:00,空,23314.0,23317.0,23261.0,23269.0,23304.0,23333.0,23317.0,23317.0
2024-07-18 11:45:00,多,23272.0,23345.0,23268.0,23328.0,23268.0,23268.0,23303.0,23241.0
2024-07-18 12:50:00,多,23334.0,23387.0,23333.0,23380.0,23333.0,23333.0,23344.0,23332.0
2024-07-19 09:15:00,空,23071.0,23083.0,23026.0,23036.0,23054.0,23102.0,23083.0,23083.0
2024-07-19 10:10:00,空,22943.0,22985.0,22911.0,22918.0,22927.0,23040.0,22985.0,22985.0
2024-07-19 10:40:00,多,22940.0,23060.0,22938.0,23042.0,22938.0,22938.0,22946.0,22915.0
2024-07-19 11:05:00,空,22995.0,23006.0,22970.0,22977.0,22979.0,23032.0,23006.0,23006.0
2024-07-19 13:05:00,空,22932.0,22935.0,22910.0,22915.0,22922.0,23002.0,22935.0,22935.0
2024-07-22 09:05:00,空,22766.0,22798.0,22679.0,22679.0,22750.0,22833.0,22798.0,22798.0
2024-07-22 09:30:00,空,22507.0,22507.0,22434.0,22452.0,22496.0,22611.0,22507.0,22507.0
2024-07-22 09:50:00,空,22373.0,22431.0,22306.0,22308.0,22370.0,22456.0,22431.0,22431.0
2024-07-22 11:00:00,多,22378.0,22493.0,22378.0,22488.0,22378.0,22378.0,22409.0,22288.0
2024-07-22 11:30:00,空,22372.0,22408.0,22331.0,22339.0,22368.0,22431.0,22408.0,22408.0
2024-07-22 13:30:00,空,22371.0,22399.0,22364.0,22367.0,22370.0,22403.0,22399.0,22399.0
2024-07-23 09:10:00,多,22721.0,22777.0,22708.0,22776.0,22708.0,22708.0,22735.0,22637.0
2024-07-23 09:35:00,多,22805.0,22828.0,22795.0,22820.0,22795.0,22795.0,22808.0,22786.0
2024-07-23 11:05:00,多,22799.0,22840.0,22798.0,22836.0,22798.0,22798.0,22811.0,22758.0
2024-07-23 11:35:00,多,22797.0,22823.0,22795.0,22818.0,22761.0,22785.0,22805.0,22793.0
2024-07-23 11:55:00,多,22820.0,22845.0,22817.0,22838.0,22817.0,22817.0,22830.0,22816.0
2024-07-23 12:35:00,空,22811.0,22814.0,22787.0,22793.0,22809.0,22839.0,22814.0,22814.0
2024-07-23 13:10:00,多,22822.0,22831.0,22821.0,22829.0,22821.0,22821.0,22828.0,22797.0
2024-07-26 09:10:00,多,22044.0,22148.0,22034.0,22142.0,22034.0,22034.0,22103.0,22023.0
2024-07-26 09:50:00,空,22026.0,22046.0,21962.0,21967.0,21981.0,22071.0,22046.0,22046.0
2024-07-26 10:10:00,多,22061.0,22093.0,22056.0,22079.0,22056.0,22056.0,22066.0,22024.0
2024-07-29 09:10:00,空,22384.0,22416.0,22337.0,22342.0,22373.0,22431.0,22416.0,22416.0
2024-07-29 10:15:00,空,22375.0,22380.0,22311.0,22339.0,22346.0,22392.0,22380.0,22380.0
2024-07-30 09:45:00,空,21918.0,21919.0,21864.0,21873.0,21888.0,21968.0,21919.0,21919.0
2024-07-30 11:10:00,多,21896.0,21920.0,21895.0,21919.0,21809.0,21861.0,21910.0,21863.0
2024-07-30 12:00:00,多,22047.0,22148.0,22043.0,22143.0,22043.0,22043.0,22068.0,21982.0
2024-07-30 12:50:00,多,22200.0,22246.0,22200.0,22243.0,22200.0,22200.0,22230.0,22131.0
2024-07-31 10:20:00,多,22137.0,22179.0,22118.0,22174.0,22013.0,22142.0,22158.0,22095.0
2024-08-01 09:05:00,空,22635.0,22654.0,22590.0,22593.0,22617.0,22680.0,22654.0,22654.0
2024-08-01 09:30:00,多,22646.0,22674.0,22636.0,22662.0,22636.0,22636.0,22651.0,22635.0
2024-08-01 09:50:00,空,22594.0,22597.0,22506.0,22533.0,22569.0,22604.0,22597.0,22597.0
2024-08-01 10:25:00,多,22538.0,22583.0,22527.0,22573.0,22527.0,22527.0,22552.0,22505.0
2024-08-01 10:45:00,多,22586.0,22649.0,22580.0,22635.0,22580.0,22580.0,22592.0,22572.0
2024-08-01 12:40:00,空,22624.0,22625.0,22602.0,22604.0,22611.0,22626.0,22625.0,22625.0
2024-08-01 13:25:00,多,22615.0,22640.0,22613.0,22640.0,22613.0,22613.0,22625.0,22600.0
2024-08-02 09:10:00,多,21959.0,21981.0,21943.0,21972.0,21886.0,21902.0,21970.0,21923.0
2024-08-02 09:40:00,多,22037.0,22099.0,22034.0,22099.0,22034.0,22034.0,22042.0,21980.0
2024-08-02 09:55:00,空,22037.0,22037.0,21957.0,21961.0,22019.0,22039.0,22037.0,22037.0
2024-08-02 10:20:00,空,21848.0,21887.0,21795.0,21815.0,21841.0,21900.0,21887.0,21887.0
2024-08-02 11:00:00,多,21819.0,21898.0,21817.0,21874.0,21817.0,21817.0,21835.0,21813.0
2024-08-02 11:40:00,空,21802.0,21806.0,21773.0,21778.0,21784.0,21814.0,21806.0,21806.0
2024-08-02 12:05:00,空,21745.0,21752.0,21720.0,21722.0,21739.0,21769.0,21752.0,21752.0
2024-08-02 12:40:00,空,21728.0,21728.0,21674.0,21699.0,21709.0,21753.0,21728.0,21728.0
2024-08-02 13:20:00,空,21635.0,21640.0,21601.0,21603.0,21605.0,21665.0,21640.0,21640.0
2024-08-05 09:40:00,空,20052.0,20056.0,19832.0,19854.0,19943.0,20402.0,20056.0,20056.0
2024-08-05 10:05:00,多,20010.0,20128.0,20010.0,20126.0,20010.0,20010.0,20026.0,19962.0
2024-08-05 11:25:00,空,20073.0,20117.0,19957.0,20011.0,20048.0,20129.0,20117.0,20117.0
2024-08-05 12:15:00,空,19894.0,19904.0,19801.0,19801.0,19856.0,19934.0,19904.0,19904.0
2024-08-05 12:45:00,空,19737.0,19760.0,19614.0,19654.0,19705.0,19805.0,19760.0,19760.0
2024-08-05 13:25:00,空,19544.0,19570.0,19451.0,19462.0,19540.0,19622.0,19570.0,19570.0
2024-08-06 09:10:00,空,20527.0,20558.0,20409.0,20437.0,20453.0,20573.0,20558.0,20558.0
2024-08-06 09:30:00,空,20280.0,20312.0,20017.0,20034.0,20125.0,20331.0,20312.0,20312.0
2024-08-06 10:35:00,多,20142.0,20275.0,20134.0,20273.0,20134.0,20134.0,20257.0,19918.0
2024-08-06 11:25:00,多,20439.0,20503.0,20434.0,20489.0,20434.0,20434.0,20476.0,20368.0
2024-08-06 12:45:00,空,20486.0,20495.0,20410.0,20426.0,20467.0,20624.0,20495.0,20495.0
2024-08-06 13:35:00,多,20454.0,20485.0,20444.0,20476.0,20444.0,20444.0,20463.0,20383.0
2024-08-07 09:25:00,多,20726.0,20900.0,20719.0,20896.0,20719.0,20719.0,20880.0,20664.0
2024-08-07 09:45:00,多,20975.0,21096.0,20971.0,21088.0,20971.0,20971.0,20999.0,20968.0
2024-08-07 13:35:00,空,21218.0,21223.0,21137.0,21153.0,21176.0,21277.0,21223.0,21223.0
2024-08-08 09:35:00,空,20730.0,20788.0,20661.0,20689.0,20703.0,20837.0,20788.0,20788.0
2024-08-08 09:55:00,多,20789.0,20847.0,20781.0,20823.0,20781.0,20781.0,20799.0,20748.0
2024-08-08 10:20:00,多,20973.0,21048.0,20970.0,21023.0,20970.0,20970.0,20997.0,20932.0
2024-08-08 11:55:00,空,21006.0,21009.0,20919.0,20945.0,20981.0,21016.0,21009.0,21009.0
2024-08-08 12:45:00,空,20809.0,20821.0,20737.0,20767.0,20777.0,20895.0,20821.0,20821.0
2024-08-08 13:35:00,空,20811.0,20814.0,20741.0,20743.0,20779.0,20825.0,20814.0,20814.0
2024-08-09 09:35:00,多,21389.0,21496.0,21371.0,21483.0,21371.0,21371.0,21438.0,21310.0
2024-08-09 10:40:00,多,21495.0,21550.0,21492.0,21546.0,21492.0,21492.0,21538.0,21469.0
2024-08-09 11:05:00,多,21567.0,21593.0,21565.0,21583.0,21565.0,21565.0,21582.0,21557.0
2024-08-09 11:20:00,空,21544.0,21556.0,21526.0,21528.0,21541.0,21564.0,21556.0,21556.0
2024-08-09 12:00:00,多,21525.0,21538.0,21516.0,21534.0,21516.0,21516.0,21526.0,21488.0
2024-08-09 12:25:00,空,21516.0,21524.0,21492.0,21493.0,21511.0,21526.0,21524.0,21524.0
2024-08-09 12:45:00,空,21445.0,21446.0,21365.0,21383.0,21423.0,21482.0,21446.0,21446.0
2024-08-09 13:00:00,空,21306.0,21314.0,21233.0,21250.0,21254.0,21344.0,21314.0,21314.0
2024-08-09 13:15:00,多,21363.0,21382.0,21339.0,21380.0,21339.0,21339.0,21370.0,21337.0
2024-08-12 09:15:00,多,21743.0,21797.0,21735.0,21785.0,21735.0,21735.0,21766.0,21726.0
2024-08-12 12:50:00,空,21780.0,21783.0,21683.0,21693.0,21702.0,21791.0,21783.0,21783.0
2024-08-13 09:05:00,空,21832.0,21844.0,21731.0,21737.0,21824.0,21850.0,21844.0,21844.0
2024-08-13 10:10:00,空,21758.0,21758.0,21690.0,21694.0,21724.0,21778.0,21758.0,21758.0
2024-08-13 12:40:00,多,21751.0,21812.0,21750.0,21797.0,21750.0,21750.0,21767.0,21704.0
2024-08-13 13:05:00,空,21784.0,21787.0,21763.0,21763.0,21782.0,21790.0,21787.0,21787.0
2024-08-14 10:00:00,空,22074.0,22097.0,22022.0,22042.0,22061.0,22100.0,22097.0,22097.0
2024-08-14 10:40:00,多,21970.0,22011.0,21959.0,21999.0,21908.0,22006.0,21981.0,21957.0
2024-08-15 09:25:00,空,22015.0,22019.0,21919.0,21931.0,21987.0,22030.0,22019.0,22019.0
2024-08-15 09:45:00,多,21966.0,21997.0,21966.0,21991.0,21966.0,21966.0,21979.0,21937.0
2024-08-15 10:40:00,多,21997.0,22022.0,21985.0,22020.0,21936.0,21960.0,22017.0,21980.0
2024-08-15 12:35:00,空,21996.0,22002.0,21959.0,21962.0,21983.0,22026.0,22002.0,22002.0
2024-08-15 13:00:00,空,21947.0,21950.0,21920.0,21922.0,21942.0,21955.0,21950.0,21950.0
2024-08-15 13:30:00,空,21895.0,21903.0,21860.0,21867.0,21890.0,21915.0,21903.0,21903.0
2024-08-16 09:30:00,多,22385.0,22426.0,22381.0,22419.0,22381.0,22381.0,22399.0,22335.0
2024-08-16 10:15:00,多,22359.0,22396.0,22347.0,22387.0,22285.0,22406.0,22362.0,22339.0
2024-08-16 13:15:00,空,22370.0,22380.0,22358.0,22360.0,22365.0,22384.0,22380.0,22380.0
2024-08-19 09:00:00,空,22402.0,22402.0,22360.0,22373.0,22397.0,22406.0,22402.0,22402.0
2024-08-19 10:05:00,多,22394.0,22420.0,22394.0,22419.0,22320.0,22388.0,22407.0,22388.0
2024-08-19 11:40:00,空,22487.0,22487.0,22444.0,22450.0,22483.0,22489.0,22487.0,22487.0
2024-08-20 09:30:00,空,22497.0,22504.0,22480.0,22485.0,22490.0,22525.0,22504.0,22504.0
2024-08-20 10:20:00,空,22514.0,22514.0,22464.0,22476.0,22511.0,22526.0,22514.0,22514.0
2024-08-20 11:25:00,空,22475.0,22476.0,22443.0,22451.0,22471.0,22486.0,22476.0,22476.0
2024-08-20 11:55:00,空,22446.0,22452.0,22432.0,22437.0,22442.0,22453.0,22452.0,22452.0
2024-08-20 12:15:00,多,22446.0,22458.0,22442.0,22453.0,22442.0,22442.0,22449.0,22437.0
2024-08-20 12:55:00,空,22436.0,22437.0,22417.0,22420.0,22431.0,22456.0,22437.0,22437.0
2024-08-20 13:30:00,多,22418.0,22431.0,22411.0,22431.0,22389.0,22389.0,22418.0,22409.0
2024-08-21 10:10:00,空,22271.0,22280.0,22248.0,22254.0,22263.0,22304.0,22280.0,22280.0
2024-08-21 10:30:00,多,22298.0,22304.0,22287.0,22304.0,22287.0,22287.0,22297.0,22279.0
2024-08-21 10:45:00,空,22268.0,22275.0,22252.0,22259.0,22267.0,22282.0,22275.0,22275.0
2024-08-21 12:50:00,空,22183.0,22185.0,22164.0,22166.0,22173.0,22246.0,22185.0,22185.0
2024-08-21 13:10:00,多,22189.0,22200.0,22188.0,22200.0,22188.0,22188.0,22198.0,22170.0
2024-08-22 09:10:00,空,22216.0,22222.0,22190.0,22196.0,22204.0,22223.0,22222.0,22222.0
2024-08-22 09:40:00,空,22176.0,22179.0,22134.0,22144.0,22153.0,22196.0,22179.0,22179.0
2024-08-22 10:10:00,空,22137.0,22142.0,22084.0,22093.0,22133.0,22162.0,22142.0,22142.0
2024-08-22 11:00:00,多,22085.0,22137.0,22076.0,22120.0,22076.0,22076.0,22086.0,22068.0
2024-08-22 11:55:00,空,22083.0,22084.0,22058.0,22060.0,22063.0,22087.0,22084.0,22084.0
2024-08-22 12:20:00,空,22083.0,22084.0,22065.0,22068.0,22081.0,22092.0,22084.0,22084.0
2024-08-22 12:40:00,多,22075.0,22100.0,22074.0,22099.0,22074.0,22074.0,22078.0,22071.0
2024-08-23 11:40:00,多,21970.0,22032.0,21970.0,22021.0,21970.0,21970.0,21974.0,21955.0
2024-08-23 12:00:00,多,22055.0,22137.0,22054.0,22118.0,22054.0,22054.0,22063.0,22047.0
2024-08-23 12:25:00,空,22089.0,22095.0,22080.0,22084.0,22085.0,22103.0,22095.0,22095.0
2024-08-23 12:45:00,多,22124.0,22170.0,22124.0,22153.0,22124.0,22124.0,22128.0,22107.0
2024-08-26 09:10:00,多,22378.0,22430.0,22374.0,22405.0,22374.0,22374.0,22397.0,22298.0
2024-08-26 10:45:00,空,22338.0,22341.0,22281.0,22296.0,22304.0,22389.0,22341.0,22341.0
2024-08-26 11:35:00,空,22271.0,22271.0,22246.0,22251.0,22271.0,22275.0,22271.0,22271.0
2024-08-26 12:20:00,多,22231.0,22268.0,22225.0,22264.0,22225.0,22225.0,22239.0,22211.0
2024-08-26 12:50:00,空,22224.0,22232.0,22205.0,22206.0,22215.0,22244.0,22232.0,22232.0
2024-08-26 13:20:00,空,22166.0,22177.0,22136.0,22140.0,22153.0,22188.0,22177.0,22177.0
2024-08-27 09:30:00,空,22049.0,22051.0,21998.0,22006.0,22016.0,22063.0,22051.0,22051.0
2024-08-27 10:10:00,空,22074.0,22076.0,22047.0,22049.0,22066.0,22114.0,22076.0,22076.0
2024-08-27 11:45:00,多,22060.0,22084.0,22060.0,22081.0,22060.0,22060.0,22073.0,22050.0
2024-08-27 12:20:00,多,22105.0,22135.0,22105.0,22125.0,22105.0,22105.0,22119.0,22090.0
2024-08-27 12:40:00,空,22120.0,22126.0,22115.0,22116.0,22118.0,22131.0,22126.0,22126.0
2024-08-27 13:10:00,多,22143.0,22210.0,22143.0,22197.0,22143.0,22143.0,22151.0,22126.0
2024-08-28 10:00:00,空,22113.0,22113.0,22051.0,22056.0,22088.0,22160.0,22113.0,22113.0
2024-08-28 10:40:00,多,22122.0,22164.0,22122.0,22155.0,22122.0,22122.0,22126.0,22091.0
2024-08-28 11:45:00,多,22215.0,22256.0,22214.0,22242.0,22214.0,22214.0,22225.0,22170.0
2024-08-28 12:15:00,多,22285.0,22378.0,22282.0,22348.0,22282.0,22282.0,22306.0,22264.0
2024-08-28 13:25:00,多,22368.0,22393.0,22362.0,22390.0,22362.0,22362.0,22372.0,22349.0
2024-08-29 09:00:00,多,22002.0,22072.0,21999.0,22069.0,21999.0,21999.0,22046.0,21983.0
2024-08-29 09:25:00,空,21998.0,22023.0,21958.0,21959.0,21984.0,22043.0,22023.0,22023.0
2024-08-29 09:40:00,多,22018.0,22088.0,22009.0,22062.0,22009.0,22009.0,22038.0,21976.0
2024-08-29 10:25:00,多,22080.0,22109.0,22077.0,22107.0,22077.0,22077.0,22085.0,22021.0
2024-08-29 12:15:00,多,22170.0,22198.0,22165.0,22196.0,22165.0,22165.0,22184.0,22116.0
2024-08-29 13:15:00,空,22208.0,22212.0,22177.0,22178.0,22205.0,22221.0,22212.0,22212.0
2024-08-30 09:10:00,空,22261.0,22270.0,22243.0,22245.0,22254.0,22281.0,22270.0,22270.0
2024-08-30 10:30:00,多,22259.0,22280.0,22245.0,22274.0,22213.0,22247.0,22268.0,22239.0
2024-08-30 11:10:00,空,22284.0,22286.0,22262.0,22270.0,22276.0,22292.0,22286.0,22286.0
2024-08-30 11:55:00,多,22288.0,22322.0,22287.0,22316.0,22287.0,22287.0,22294.0,22265.0
2024-08-30 13:20:00,空,22308.0,22321.0,22302.0,22303.0,22305.0,22332.0,22321.0,22321.0
2024-09-02 09:10:00,空,22385.0,22385.0,22334.0,22344.0,22378.0,22396.0,22385.0,22385.0
2024-09-02 09:40:00,空,22331.0,22344.0,22303.0,22309.0,22328.0,22351.0,22344.0,22344.0
2024-09-02 13:25:00,多,22204.0,22226.0,22203.0,22220.0,22172.0,22276.0,22207.0,22192.0
2024-09-03 09:10:00,多,22204.0,22265.0,22204.0,22263.0,22204.0,22204.0,22229.0,22202.0
2024-09-03 09:45:00,多,22271.0,22299.0,22270.0,22299.0,22270.0,22270.0,22290.0,22258.0
2024-09-03 10:15:00,空,22281.0,22286.0,22253.0,22256.0,22262.0,22287.0,22286.0,22286.0
2024-09-03 10:35:00,空,22225.0,22225.0,22191.0,22193.0,22213.0,22231.0,22225.0,22225.0
2024-09-03 11:00:00,空,22142.0,22144.0,22113.0,22118.0,22128.0,22145.0,22144.0,22144.0
2024-09-03 11:50:00,多,22118.0,22134.0,22113.0,22129.0,22113.0,22113.0,22123.0,22092.0
2024-09-03 13:30:00,空,22084.0,22090.0,22070.0,22073.0,22082.0,22108.0,22090.0,22090.0
2024-09-04 08:55:00,空,21081.0,21104.0,21007.0,21041.0,21075.0,21151.0,21104.0,21104.0
2024-09-04 09:25:00,多,21107.0,21232.0,21097.0,21220.0,21097.0,21097.0,21162.0,21079.0
2024-09-04 11:20:00,空,21185.0,21193.0,21136.0,21151.0,21168.0,21213.0,21193.0,21193.0
2024-09-04 12:05:00,多,21164.0,21230.0,21164.0,21223.0,21164.0,21164.0,21178.0,21147.0
2024-09-04 12:20:00,空,21185.0,21188.0,21161.0,21169.0,21176.0,21200.0,21188.0,21188.0
2024-09-04 12:50:00,空,21136.0,21140.0,21111.0,21116.0,21122.0,21146.0,21140.0,21140.0
2024-09-04 13:05:00,空,21074.0,21075.0,21033.0,21035.0,21064.0,21093.0,21075.0,21075.0
2024-09-04 13:40:00,空,21009.0,21011.0,20930.0,20947.0,20955.0,21019.0,21011.0,21011.0
2024-09-05 09:15:00,多,21306.0,21361.0,21286.0,21340.0,21286.0,21286.0,21321.0,21276.0
2024-09-05 09:35:00,多,21396.0,21446.0,21392.0,21436.0,21392.0,21392.0,21405.0,21368.0
2024-09-05 09:50:00,空,21402.0,21402.0,21371.0,21379.0,21401.0,21430.0,21402.0,21402.0
2024-09-05 10:15:00,空,21310.0,21312.0,21273.0,21287.0,21304.0,21330.0,21312.0,21312.0
2024-09-05 10:45:00,多,21360.0,21380.0,21352.0,21380.0,21352.0,21352.0,21376.0,21346.0
2024-09-05 11:35:00,空,21311.0,21320.0,21288.0,21290.0,21304.0,21364.0,21320.0,21320.0
2024-09-05 12:25:00,空,21246.0,21255.0,21209.0,21209.0,21216.0,21274.0,21255.0,21255.0
2024-09-05 12:40:00,空,21177.0,21183.0,21151.0,21153.0,21171.0,21191.0,21183.0,21183.0
2024-09-05 13:05:00,空,21086.0,21095.0,21063.0,21063.0,21087.0,21113.0,21095.0,21095.0
2024-09-05 13:30:00,多,21133.0,21161.0,21122.0,21161.0,21122.0,21122.0,21150.0,21112.0
2024-09-06 09:05:00,空,21089.0,21094.0,21013.0,21043.0,21072.0,21213.0,21094.0,21094.0
2024-09-06 09:40:00,多,21277.0,21325.0,21271.0,21314.0,21271.0,21271.0,21285.0,21148.0
2024-09-09 09:45:00,多,20918.0,20985.0,20912.0,20980.0,20912.0,20912.0,20954.0,20800.0
2024-09-09 11:00:00,多,20953.0,20985.0,20952.0,20976.0,20888.0,20969.0,20961.0,20940.0
2024-09-09 12:10:00,多,21003.0,21086.0,21002.0,21081.0,21002.0,21002.0,21004.0,20962.0
2024-09-09 12:40:00,多,21047.0,21074.0,21038.0,21063.0,21010.0,21030.0,21050.0,21036.0
2024-09-09 13:20:00,多,21090.0,21120.0,21090.0,21119.0,21090.0,21090.0,21097.0,21087.0
2024-09-10 09:10:00,空,21195.0,21206.0,21159.0,21170.0,21180.0,21217.0,21206.0,21206.0
2024-09-10 10:00:00,空,21125.0,21127.0,21044.0,21048.0,21061.0,21159.0,21127.0,21127.0
2024-09-10 10:35:00,多,21099.0,21132.0,21096.0,21124.0,21096.0,21096.0,21109.0,21081.0
2024-09-10 11:10:00,空,21126.0,21132.0,21107.0,21108.0,21122.0,21160.0,21132.0,21132.0
2024-09-10 11:45:00,空,21075.0,21076.0,21062.0,21062.0,21068.0,21092.0,21076.0,21076.0
2024-09-10 12:00:00,多,21110.0,21139.0,21100.0,21125.0,21100.0,21100.0,21109.0,21098.0
2024-09-10 12:15:00,空,21081.0,21086.0,21068.0,21069.0,21079.0,21097.0,21086.0,21086.0
2024-09-10 12:30:00,空,21006.0,21007.0,20954.0,20964.0,21001.0,21041.0,21007.0,21007.0
2024-09-10 13:05:00,多,20994.0,21040.0,20994.0,21028.0,20994.0,20994.0,21003.0,20961.0
2024-09-11 11:20:00,空,21042.0,21042.0,21007.0,21021.0,21023.0,21081.0,21042.0,21042.0
2024-09-11 13:25:00,空,21020.0,21028.0,20950.0,20966.0,21007.0,21032.0,21028.0,21028.0
2024-09-12 09:10:00,空,21535.0,21537.0,21461.0,21464.0,21492.0,21561.0,21537.0,21537.0
2024-09-12 09:35:00,多,21554.0,21620.0,21545.0,21599.0,21545.0,21545.0,21568.0,21525.0
2024-09-12 11:25:00,空,21723.0,21726.0,21705.0,21706.0,21707.0,21745.0,21726.0,21726.0
2024-09-12 12:05:00,空,21713.0,21713.0,21683.0,21689.0,21696.0,21720.0,21713.0,21713.0
2024-09-12 12:30:00,多,21684.0,21704.0,21683.0,21703.0,21683.0,21683.0,21688.0,21682.0
2024-09-12 12:55:00,空,21694.0,21694.0,21682.0,21685.0,21688.0,21701.0,21694.0,21694.0
2024-09-12 13:40:00,多,21681.0,21712.0,21680.0,21711.0,21680.0,21680.0,21709.0,21677.0
2024-09-13 09:30:00,多,21733.0,21757.0,21730.0,21754.0,21704.0,21717.0,21736.0,21724.0
2024-09-13 11:05:00,多,21705.0,21711.0,21702.0,21711.0,21657.0,21733.0,21706.0,21681.0
2024-09-13 12:40:00,多,21755.0,21789.0,21754.0,21780.0,21754.0,21754.0,21766.0,21725.0
2024-09-13 13:35:00,多,21804.0,21817.0,21798.0,21816.0,21798.0,21798.0,21805.0,21785.0
2024-09-16 11:10:00,多,21783.0,21805.0,21779.0,21802.0,21735.0,21802.0,21786.0,21763.0
2024-09-16 12:05:00,多,21826.0,21868.0,21826.0,21851.0,21826.0,21826.0,21836.0,21804.0
2024-09-16 13:40:00,空,21823.0,21829.0,21811.0,21813.0,21816.0,21839.0,21829.0,21829.0
2024-09-18 09:45:00,多,21774.0,21834.0,21774.0,21833.0,21774.0,21774.0,21800.0,21757.0
2024-09-18 10:40:00,空,21830.0,21832.0,21800.0,21801.0,21829.0,21835.0,21832.0,21832.0
2024-09-18 11:10:00,空,21797.0,21801.0,21751.0,21760.0,21791.0,21819.0,21801.0,21801.0
2024-09-18 11:55:00,空,21738.0,21738.0,21705.0,21707.0,21711.0,21761.0,21738.0,21738.0
2024-09-18 12:40:00,空,21675.0,21675.0,21625.0,21642.0,21654.0,21693.0,21675.0,21675.0
2024-09-19 09:05:00,空,21712.0,21726.0,21692.0,21698.0,21708.0,21739.0,21726.0,21726.0
2024-09-19 09:55:00,多,21739.0,21766.0,21731.0,21765.0,21731.0,21731.0,21746.0,21703.0
2024-09-19 10:10:00,多,21814.0,21869.0,21813.0,21862.0,21813.0,21813.0,21821.0,21811.0
2024-09-19 10:40:00,多,21916.0,21977.0,21912.0,21974.0,21912.0,21912.0,21928.0,21909.0
2024-09-19 11:45:00,多,21967.0,21995.0,21966.0,21993.0,21928.0,21956.0,21992.0,21958.0
2024-09-19 12:55:00,多,22036.0,22060.0,22033.0,22052.0,22033.0,22033.0,22049.0,22022.0
2024-09-20 09:20:00,空,22372.0,22376.0,22329.0,22342.0,22347.0,22385.0,22376.0,22376.0
2024-09-20 10:25:00,空,22290.0,22290.0,22260.0,22273.0,22275.0,22320.0,22290.0,22290.0
2024-09-20 11:05:00,空,22235.0,22244.0,22211.0,22220.0,22225.0,22256.0,22244.0,22244.0
2024-09-20 12:30:00,多,22282.0,22310.0,22282.0,22300.0,22282.0,22282.0,22296.0,22240.0
2024-09-20 13:05:00,空,22271.0,22276.0,22254.0,22256.0,22271.0,22300.0,22276.0,22276.0
2024-09-20 13:20:00,空,22242.0,22247.0,22194.0,22207.0,22230.0,22248.0,22247.0,22247.0
2024-09-23 10:00:00,空,22315.0,22315.0,22287.0,22294.0,22300.0,22346.0,22315.0,22315.0
2024-09-23 13:05:00,空,22314.0,22321.0,22308.0,22310.0,22315.0,22330.0,22321.0,22321.0
2024-09-24 09:25:00,空,22326.0,22330.0,22290.0,22294.0,22322.0,22331.0,22330.0,22330.0
2024-09-24 10:00:00,空,22228.0,22228.0,22173.0,22199.0,22210.0,22254.0,22228.0,22228.0
2024-09-24 10:55:00,多,22229.0,22282.0,22226.0,22274.0,22226.0,22226.0,22249.0,22199.0
2024-09-24 11:35:00,多,22298.0,22322.0,22289.0,22318.0,22289.0,22289.0,22312.0,22282.0
2024-09-24 12:25:00,多,22330.0,22382.0,22330.0,22382.0,22330.0,22330.0,22357.0,22325.0
2024-09-24 13:00:00,多,22385.0,22422.0,22385.0,22421.0,22385.0,22385.0,22389.0,22375.0
2024-09-24 13:25:00,多,22477.0,22497.0,22474.0,22496.0,22474.0,22474.0,22493.0,22458.0
2024-09-25 10:30:00,空,22762.0,22768.0,22747.0,22748.0,22751.0,22805.0,22768.0,22768.0
2024-09-25 11:20:00,多,22781.0,22812.0,22780.0,22802.0,22780.0,22780.0,22797.0,22777.0
2024-09-25 11:40:00,空,22788.0,22791.0,22775.0,22780.0,22781.0,22793.0,22791.0,22791.0
2024-09-25 13:00:00,多,22801.0,22818.0,22793.0,22814.0,22793.0,22793.0,22811.0,22788.0
2024-09-25 13:20:00,空,22819.0,22824.0,22801.0,22804.0,22818.0,22826.0,22824.0,22824.0
2024-09-25 13:40:00,空,22806.0,22814.0,22785.0,22792.0,22801.0,22824.0,22814.0,22814.0
2024-09-26 09:15:00,空,22990.0,22994.0,22967.0,22976.0,22989.0,23004.0,22994.0,22994.0
2024-09-26 09:55:00,多,23015.0,23052.0,23008.0,23044.0,23008.0,23008.0,23022.0,22975.0
2024-09-26 10:10:00,空,23037.0,23042.0,23014.0,23025.0,23030.0,23044.0,23042.0,23042.0
2024-09-26 10:40:00,空,22983.0,22988.0,22971.0,22976.0,22978.0,23018.0,22988.0,22988.0
2024-09-27 09:55:00,空,23132.0,23136.0,23075.0,23080.0,23093.0,23138.0,23136.0,23136.0
2024-09-27 10:25:00,空,23094.0,23097.0,23059.0,23069.0,23091.0,23115.0,23097.0,23097.0
2024-09-27 11:10:00,空,22989.0,22989.0,22940.0,22952.0,22982.0,23044.0,22989.0,22989.0
2024-09-27 12:30:00,多,22985.0,23017.0,22983.0,23013.0,22983.0,22983.0,23006.0,22942.0
2024-09-27 13:05:00,空,22977.0,22977.0,22936.0,22954.0,22970.0,23012.0,22977.0,22977.0
2024-09-30 09:45:00,空,22661.0,22680.0,22619.0,22635.0,22641.0,22702.0,22680.0,22680.0
2024-09-30 10:20:00,空,22541.0,22541.0,22499.0,22506.0,22512.0,22607.0,22541.0,22541.0
2024-09-30 12:10:00,空,22552.0,22553.0,22522.0,22527.0,22545.0,22562.0,22553.0,22553.0
2024-09-30 12:45:00,空,22473.0,22491.0,22437.0,22440.0,22460.0,22496.0,22491.0,22491.0
2024-09-30 13:15:00,空,22408.0,22418.0,22401.0,22402.0,22403.0,22437.0,22418.0,22418.0
2024-10-01 09:00:00,多,22382.0,22437.0,22372.0,22431.0,22372.0,22372.0,22402.0,22362.0
2024-10-01 09:50:00,多,22420.0,22463.0,22417.0,22461.0,22417.0,22417.0,22457.0,22383.0
2024-10-01 10:10:00,空,22383.0,22389.0,22336.0,22341.0,22375.0,22404.0,22389.0,22389.0
2024-10-01 11:20:00,空,22353.0,22358.0,22335.0,22335.0,22342.0,22359.0,22358.0,22358.0
2024-10-01 11:50:00,多,22410.0,22427.0,22404.0,22425.0,22404.0,22404.0,22424.0,22362.0
2024-10-04 10:00:00,空,22408.0,22413.0,22335.0,22337.0,22397.0,22425.0,22413.0,22413.0
2024-10-04 10:35:00,多,22392.0,22447.0,22384.0,22439.0,22384.0,22384.0,22400.0,22345.0
2024-10-04 10:50:00,空,22405.0,22410.0,22353.0,22356.0,22392.0,22417.0,22410.0,22410.0
2024-10-04 11:40:00,空,22344.0,22344.0,22309.0,22311.0,22320.0,22363.0,22344.0,22344.0
2024-10-04 12:25:00,多,22355.0,22394.0,22353.0,22385.0,22353.0,22353.0,22365.0,22331.0
2024-10-04 12:40:00,空,22362.0,22365.0,22323.0,22326.0,22357.0,22374.0,22365.0,22365.0
2024-10-07 09:05:00,多,22620.0,22704.0,22619.0,22692.0,22619.0,22619.0,22622.0,22572.0
2024-10-07 09:45:00,空,22715.0,22728.0,22645.0,22661.0,22709.0,22754.0,22728.0,22728.0
2024-10-07 10:50:00,多,22665.0,22671.0,22652.0,22669.0,22586.0,22649.0,22666.0,22620.0
2024-10-07 11:25:00,空,22680.0,22683.0,22661.0,22663.0,22674.0,22685.0,22683.0,22683.0
2024-10-07 12:15:00,多,22694.0,22730.0,22688.0,22726.0,22688.0,22688.0,22708.0,22670.0
2024-10-08 09:15:00,空,22553.0,22554.0,22524.0,22536.0,22551.0,22581.0,22554.0,22554.0
2024-10-08 10:10:00,空,22470.0,22480.0,22436.0,22439.0,22465.0,22562.0,22480.0,22480.0
2024-10-08 10:55:00,多,22487.0,22517.0,22485.0,22505.0,22485.0,22485.0,22496.0,22448.0
2024-10-08 12:50:00,多,22576.0,22609.0,22576.0,22598.0,22576.0,22576.0,22588.0,22514.0
2024-10-08 13:20:00,空,22597.0,22598.0,22556.0,22557.0,22589.0,22600.0,22598.0,22598.0
2024-10-09 08:55:00,多,22817.0,22830.0,22811.0,22825.0,22811.0,22811.0,22822.0,22788.0
2024-10-09 10:30:00,空,22736.0,22751.0,22698.0,22704.0,22705.0,22815.0,22751.0,22751.0
2024-10-09 11:50:00,多,22730.0,22765.0,22723.0,22764.0,22723.0,22723.0,22761.0,22715.0
2024-10-09 12:30:00,空,22765.0,22773.0,22745.0,22745.0,22764.0,22778.0,22773.0,22773.0
2024-10-09 12:50:00,空,22731.0,22733.0,22708.0,22715.0,22731.0,22735.0,22733.0,22733.0
2024-10-09 13:25:00,空,22710.0,22715.0,22669.0,22674.0,22697.0,22734.0,22715.0,22715.0
2024-10-11 09:20:00,多,22934.0,22964.0,22931.0,22958.0,22931.0,22931.0,22947.0,22861.0
2024-10-11 12:00:00,空,22981.0,22986.0,22950.0,22961.0,22965.0,23016.0,22986.0,22986.0
2024-10-11 12:50:00,空,22943.0,22951.0,22863.0,22888.0,22938.0,22962.0,22951.0,22951.0
2024-10-11 13:15:00,多,22918.0,22932.0,22913.0,22930.0,22913.0,22913.0,22929.0,22900.0
2024-10-14 09:00:00,空,22946.0,22953.0,22852.0,22858.0,22944.0,22972.0,22953.0,22953.0
2024-10-14 09:50:00,空,22911.0,22912.0,22880.0,22895.0,22903.0,22923.0,22912.0,22912.0
2024-10-14 10:10:00,多,22932.0,22995.0,22931.0,22982.0,22931.0,22931.0,22944.0,22906.0
2024-10-14 11:00:00,空,22949.0,22950.0,22906.0,22923.0,22946.0,22976.0,22950.0,22950.0
2024-10-14 11:25:00,多,22971.0,22987.0,22963.0,22984.0,22963.0,22963.0,22974.0,22956.0
2024-10-14 11:45:00,多,23013.0,23036.0,23013.0,23032.0,23013.0,23013.0,23023.0,22992.0
2024-10-14 12:05:00,空,23015.0,23018.0,23003.0,23006.0,23014.0,23023.0,23018.0,23018.0
2024-10-15 09:35:00,多,23219.0,23249.0,23212.0,23238.0,23212.0,23212.0,23237.0,23169.0
2024-10-15 09:50:00,多,23286.0,23322.0,23284.0,23314.0,23284.0,23284.0,23295.0,23255.0
2024-10-15 13:30:00,空,23288.0,23298.0,23230.0,23249.0,23287.0,23329.0,23298.0,23298.0
2024-10-16 09:20:00,多,22929.0,22948.0,22915.0,22943.0,22915.0,22915.0,22934.0,22892.0
2024-10-16 09:45:00,多,22974.0,23016.0,22974.0,23000.0,22974.0,22974.0,22987.0,22950.0
2024-10-16 10:35:00,多,23012.0,23051.0,23010.0,23049.0,23010.0,23010.0,23035.0,23009.0
2024-10-16 10:55:00,多,23087.0,23120.0,23087.0,23120.0,23087.0,23087.0,23097.0,23075.0
2024-10-16 12:20:00,空,23141.0,23141.0,23052.0,23052.0,23126.0,23181.0,23141.0,23141.0
2024-10-17 09:25:00,空,23092.0,23098.0,23063.0,23066.0,23081.0,23126.0,23098.0,23098.0
2024-10-17 10:55:00,多,23065.0,23112.0,23062.0,23108.0,23005.0,23076.0,23084.0,23055.0
2024-10-17 11:35:00,多,23144.0,23185.0,23140.0,23182.0,23140.0,23140.0,23170.0,23125.0
2024-10-17 12:15:00,空,23162.0,23163.0,23149.0,23153.0,23155.0,23175.0,23163.0,23163.0
2024-10-17 13:00:00,多,23194.0,23209.0,23185.0,23207.0,23185.0,23185.0,23202.0,23166.0
2024-10-18 08:55:00,空,23778.0,23792.0,23759.0,23760.0,23771.0,23794.0,23792.0,23792.0
2024-10-18 09:20:00,空,23680.0,23696.0,23647.0,23656.0,23679.0,23705.0,23696.0,23696.0
2024-10-18 09:35:00,多,23717.0,23769.0,23713.0,23760.0,23713.0,23713.0,23747.0,23679.0
2024-10-18 10:15:00,空,23738.0,23743.0,23698.0,23707.0,23735.0,23750.0,23743.0,23743.0
2024-10-18 10:30:00,多,23718.0,23755.0,23714.0,23748.0,23714.0,23714.0,23717.0,23711.0
2024-10-18 11:10:00,空,23711.0,23715.0,23685.0,23686.0,23699.0,23731.0,23715.0,23715.0
2024-10-18 11:35:00,空,23681.0,23686.0,23636.0,23643.0,23677.0,23693.0,23686.0,23686.0
2024-10-18 12:50:00,空,23582.0,23593.0,23546.0,23556.0,23570.0,23630.0,23593.0,23593.0
2024-10-18 13:15:00,多,23594.0,23624.0,23594.0,23616.0,23594.0,23594.0,23615.0,23559.0
2024-10-18 13:40:00,多,23625.0,23661.0,23623.0,23657.0,23623.0,23623.0,23655.0,23622.0
2024-10-21 09:40:00,空,23725.0,23740.0,23701.0,23704.0,23711.0,23773.0,23740.0,23740.0
2024-10-21 11:05:00,多,23718.0,23732.0,23708.0,23726.0,23663.0,23721.0,23721.0,23695.0
2024-10-21 11:55:00,空,23694.0,23694.0,23677.0,23678.0,23691.0,23719.0,23694.0,23694.0
2024-10-21 12:40:00,空,23670.0,23671.0,23635.0,23638.0,23665.0,23675.0,23671.0,23671.0
2024-10-21 13:05:00,空,23617.0,23617.0,23598.0,23603.0,23612.0,23629.0,23617.0,23617.0
2024-10-22 09:00:00,空,23492.0,23492.0,23411.0,23427.0,23485.0,23512.0,23492.0,23492.0
2024-10-22 09:25:00,多,23451.0,23520.0,23442.0,23494.0,23442.0,23442.0,23480.0,23436.0
2024-10-22 11:25:00,多,23502.0,23523.0,23498.0,23521.0,23445.0,23492.0,23515.0,23481.0
2024-10-22 12:45:00,空,23492.0,23496.0,23468.0,23470.0,23482.0,23524.0,23496.0,23496.0
2024-10-22 13:10:00,多,23489.0,23511.0,23489.0,23508.0,23489.0,23489.0,23495.0,23483.0
2024-10-22 13:25:00,多,23534.0,23574.0,23534.0,23572.0,23534.0,23534.0,23545.0,23519.0
2024-10-23 09:30:00,多,23441.0,23495.0,23439.0,23488.0,23388.0,23438.0,23463.0,23422.0
2024-10-23 09:55:00,空,23456.0,23466.0,23427.0,23430.0,23439.0,23476.0,23466.0,23466.0
2024-10-23 10:35:00,空,23425.0,23427.0,23405.0,23410.0,23413.0,23439.0,23427.0,23427.0
2024-10-23 11:30:00,空,23366.0,23366.0,23336.0,23347.0,23361.0,23405.0,23366.0,23366.0
2024-10-23 12:45:00,多,23376.0,23395.0,23375.0,23391.0,23375.0,23375.0,23387.0,23365.0
2024-10-24 09:55:00,空,23390.0,23392.0,23340.0,23342.0,23348.0,23397.0,23392.0,23392.0
2024-10-24 10:20:00,多,23361.0,23387.0,23350.0,23376.0,23350.0,23350.0,23365.0,23315.0
2024-10-24 10:50:00,多,23370.0,23392.0,23368.0,23386.0,23326.0,23347.0,23373.0,23354.0
2024-10-24 11:35:00,空,23372.0,23372.0,23345.0,23346.0,23366.0,23377.0,23372.0,23372.0
2024-10-24 11:50:00,空,23298.0,23304.0,23270.0,23271.0,23296.0,23333.0,23304.0,23304.0
2024-10-24 12:45:00,空,23251.0,23253.0,23213.0,23221.0,23222.0,23259.0,23253.0,23253.0
2024-10-24 13:40:00,多,23278.0,23305.0,23267.0,23304.0,23267.0,23267.0,23291.0,23222.0
2024-10-25 10:00:00,空,23345.0,23355.0,23321.0,23324.0,23333.0,23360.0,23355.0,23355.0
2024-10-25 10:15:00,多,23358.0,23385.0,23358.0,23381.0,23358.0,23358.0,23359.0,23338.0
2024-10-25 11:25:00,空,23358.0,23359.0,23338.0,23343.0,23353.0,23376.0,23359.0,23359.0
2024-10-25 11:40:00,空,23329.0,23332.0,23304.0,23314.0,23327.0,23335.0,23332.0,23332.0
2024-10-25 12:15:00,多,23315.0,23333.0,23314.0,23326.0,23314.0,23314.0,23323.0,23313.0
2024-10-25 12:45:00,多,23327.0,23343.0,23325.0,23340.0,23325.0,23325.0,23336.0,23324.0
2024-10-25 13:05:00,多,23358.0,23386.0,23353.0,23382.0,23353.0,23353.0,23364.0,23349.0
2024-10-25 13:40:00,多,23453.0,23487.0,23449.0,23481.0,23449.0,23449.0,23463.0,23441.0
2024-10-28 09:00:00,空,23609.0,23618.0,23577.0,23579.0,23605.0,23624.0,23618.0,23618.0
2024-10-28 09:25:00,空,23530.0,23541.0,23502.0,23511.0,23514.0,23567.0,23541.0,23541.0
2024-10-28 09:40:00,空,23495.0,23495.0,23418.0,23450.0,23470.0,23504.0,23495.0,23495.0
2024-10-28 10:05:00,空,23356.0,23357.0,23300.0,23327.0,23354.0,23396.0,23357.0,23357.0
2024-10-28 10:35:00,多,23352.0,23395.0,23352.0,23390.0,23352.0,23352.0,23377.0,23348.0
2024-10-28 11:25:00,空,23369.0,23374.0,23348.0,23352.0,23367.0,23385.0,23374.0,23374.0
2024-10-28 11:55:00,空,23297.0,23313.0,23230.0,23253.0,23273.0,23344.0,23313.0,23313.0
2024-10-28 12:45:00,多,23332.0,23366.0,23330.0,23352.0,23330.0,23330.0,23346.0,23265.0
2024-10-29 09:00:00,空,23058.0,23059.0,23006.0,23021.0,23055.0,23089.0,23059.0,23059.0
2024-10-29 09:45:00,空,22895.0,22905.0,22863.0,22869.0,22877.0,22928.0,22905.0,22905.0
2024-10-29 10:00:00,空,22805.0,22807.0,22717.0,22734.0,22793.0,22827.0,22807.0,22807.0
2024-10-29 10:55:00,多,22794.0,22848.0,22788.0,22844.0,22788.0,22788.0,22810.0,22763.0
2024-10-29 11:35:00,空,22833.0,22842.0,22817.0,22820.0,22821.0,22849.0,22842.0,22842.0
2024-10-29 11:50:00,空,22791.0,22800.0,22751.0,22752.0,22779.0,22819.0,22800.0,22800.0
2024-10-29 12:10:00,多,22824.0,22854.0,22807.0,22848.0,22807.0,22807.0,22841.0,22772.0
2024-10-29 13:25:00,多,22865.0,22980.0,22865.0,22946.0,22865.0,22865.0,22890.0,22850.0
2024-10-30 09:00:00,空,23091.0,23095.0,23047.0,23048.0,23087.0,23105.0,23095.0,23095.0
2024-10-30 09:30:00,多,23033.0,23075.0,23020.0,23055.0,23020.0,23020.0,23049.0,23019.0
2024-10-30 10:30:00,空,23052.0,23053.0,23024.0,23030.0,23038.0,23070.0,23053.0,23053.0
2024-10-30 11:15:00,空,23025.0,23030.0,22992.0,23001.0,23022.0,23043.0,23030.0,23030.0
2024-10-30 11:45:00,空,22964.0,22965.0,22933.0,22934.0,22955.0,22996.0,22965.0,22965.0
2024-10-30 12:20:00,空,22932.0,22933.0,22907.0,22908.0,22932.0,22968.0,22933.0,22933.0
2024-11-01 09:10:00,多,22432.0,22464.0,22405.0,22462.0,22405.0,22405.0,22448.0,22285.0
2024-11-01 09:45:00,多,22546.0,22582.0,22544.0,22569.0,22544.0,22544.0,22566.0,22463.0
2024-11-01 10:20:00,多,22615.0,22681.0,22602.0,22671.0,22602.0,22602.0,22618.0,22577.0
2024-11-01 11:10:00,多,22623.0,22664.0,22616.0,22652.0,22529.0,22607.0,22638.0,22615.0
2024-11-01 12:00:00,多,22675.0,22699.0,22660.0,22698.0,22660.0,22660.0,22695.0,22648.0
2024-11-01 12:55:00,多,22735.0,22776.0,22727.0,22776.0,22727.0,22727.0,22745.0,22711.0
2024-11-04 09:15:00,多,22844.0,22907.0,22839.0,22900.0,22839.0,22839.0,22868.0,22788.0
2024-11-04 10:10:00,空,22882.0,22883.0,22801.0,22803.0,22876.0,22897.0,22883.0,22883.0
2024-11-04 11:10:00,多,22895.0,22951.0,22890.0,22926.0,22890.0,22890.0,22905.0,22847.0
2024-11-04 12:40:00,多,22974.0,22999.0,22967.0,22996.0,22967.0,22967.0,22977.0,22944.0
2024-11-05 09:00:00,多,22833.0,22892.0,22827.0,22872.0,22827.0,22827.0,22853.0,22825.0
2024-11-05 09:40:00,多,22971.0,23239.0,22970.0,23124.0,22970.0,22970.0,22996.0,22879.0
2024-11-05 10:05:00,空,23030.0,23064.0,23013.0,23020.0,23028.0,23084.0,23064.0,23064.0
2024-11-05 11:20:00,多,23052.0,23086.0,23052.0,23077.0,23052.0,23052.0,23055.0,23033.0
2024-11-05 12:20:00,多,23100.0,23129.0,23098.0,23126.0,23098.0,23098.0,23118.0,23094.0
2024-11-05 13:40:00,多,23120.0,23149.0,23116.0,23135.0,23116.0,23116.0,23123.0,23104.0
2024-11-06 10:25:00,多,23192.0,23208.0,23166.0,23207.0,23051.0,23062.0,23198.0,23151.0
2024-11-06 10:55:00,多,23368.0,23424.0,23368.0,23422.0,23368.0,23368.0,23397.0,23286.0
2024-11-06 11:30:00,空,23355.0,23355.0,23288.0,23306.0,23328.0,23418.0,23355.0,23355.0
2024-11-06 12:10:00,多,23370.0,23413.0,23362.0,23410.0,23362.0,23362.0,23377.0,23327.0
2024-11-06 13:10:00,空,23315.0,23321.0,23237.0,23259.0,23296.0,23381.0,23321.0,23321.0
2024-11-06 13:40:00,多,23272.0,23327.0,23271.0,23324.0,23271.0,23271.0,23276.0,23243.0
2024-11-07 09:05:00,多,23289.0,23337.0,23280.0,23329.0,23280.0,23280.0,23318.0,23138.0
2024-11-07 10:05:00,空,23375.0,23380.0,23341.0,23349.0,23358.0,23398.0,23380.0,23380.0
2024-11-07 10:25:00,多,23418.0,23452.0,23414.0,23446.0,23414.0,23414.0,23438.0,23378.0
2024-11-07 10:45:00,多,23502.0,23527.0,23500.0,23522.0,23500.0,23500.0,23515.0,23489.0
2024-11-07 11:40:00,多,23545.0,23563.0,23543.0,23561.0,23543.0,23543.0,23546.0,23523.0
2024-11-07 12:05:00,空,23543.0,23551.0,23504.0,23509.0,23543.0,23553.0,23551.0,23551.0
2024-11-07 13:15:00,空,23519.0,23527.0,23496.0,23499.0,23512.0,23532.0,23527.0,23527.0
2024-11-08 09:00:00,空,23726.0,23729.0,23675.0,23687.0,23722.0,23748.0,23729.0,23729.0
2024-11-08 10:25:00,空,23698.0,23712.0,23677.0,23681.0,23683.0,23730.0,23712.0,23712.0
2024-11-08 10:50:00,空,23668.0,23676.0,23652.0,23656.0,23663.0,23679.0,23676.0,23676.0
2024-11-08 11:40:00,空,23625.0,23625.0,23590.0,23590.0,23620.0,23664.0,23625.0,23625.0
2024-11-08 12:15:00,多,23577.0,23598.0,23574.0,23596.0,23528.0,23578.0,23583.0,23566.0
2024-11-08 13:05:00,多,23605.0,23630.0,23602.0,23624.0,23602.0,23602.0,23613.0,23581.0
2024-11-08 13:40:00,多,23759.0,23787.0,23759.0,23781.0,23759.0,23759.0,23768.0,23633.0
2024-11-11 09:05:00,空,23513.0,23517.0,23448.0,23480.0,23513.0,23537.0,23517.0,23517.0
2024-11-11 10:00:00,空,23411.0,23411.0,23309.0,23321.0,23350.0,23430.0,23411.0,23411.0
2024-11-11 10:40:00,多,23409.0,23435.0,23409.0,23423.0,23409.0,23409.0,23412.0,23374.0
2024-11-11 12:00:00,多,23412.0,23504.0,23411.0,23501.0,23411.0,23411.0,23429.0,23389.0
2024-11-11 13:05:00,多,23493.0,23536.0,23491.0,23521.0,23491.0,23491.0,23503.0,23484.0
2024-11-12 09:00:00,多,23154.0,23209.0,23144.0,23200.0,23144.0,23144.0,23155.0,23094.0
2024-11-12 09:40:00,多,23182.0,23228.0,23166.0,23227.0,23166.0,23166.0,23186.0,23149.0
2024-11-12 10:10:00,空,23160.0,23171.0,23096.0,23102.0,23128.0,23192.0,23171.0,23171.0
2024-11-12 10:45:00,空,23062.0,23078.0,23027.0,23039.0,23055.0,23092.0,23078.0,23078.0
2024-11-12 11:20:00,多,23080.0,23145.0,23080.0,23124.0,23080.0,23080.0,23107.0,23055.0
2024-11-12 11:50:00,空,23103.0,23110.0,23077.0,23086.0,23103.0,23136.0,23110.0,23110.0
2024-11-12 12:25:00,多,23092.0,23112.0,23087.0,23112.0,23087.0,23087.0,23110.0,23082.0
2024-11-12 12:55:00,空,23068.0,23093.0,23060.0,23060.0,23063.0,23106.0,23093.0,23093.0
2024-11-12 13:25:00,空,22986.0,22988.0,22909.0,22935.0,22974.0,23041.0,22988.0,22988.0
2024-11-13 09:15:00,多,22893.0,22972.0,22888.0,22965.0,22888.0,22888.0,22921.0,22827.0
2024-11-13 10:25:00,空,22953.0,22962.0,22934.0,22937.0,22945.0,22979.0,22962.0,22962.0
2024-11-13 10:50:00,多,22913.0,22933.0,22904.0,22929.0,22857.0,22877.0,22916.0,22885.0
2024-11-13 11:50:00,空,22945.0,22949.0,22906.0,22909.0,22920.0,22955.0,22949.0,22949.0
2024-11-13 12:20:00,多,22943.0,22969.0,22941.0,22964.0,22941.0,22941.0,22946.0,22897.0
2024-11-13 13:00:00,空,22965.0,22966.0,22910.0,22918.0,22941.0,22973.0,22966.0,22966.0
2024-11-13 13:15:00,空,22902.0,22912.0,22873.0,22882.0,22892.0,22913.0,22912.0,22912.0
2024-11-13 13:35:00,空,22853.0,22859.0,22800.0,22804.0,22828.0,22872.0,22859.0,22859.0
2024-11-14 09:25:00,空,22735.0,22735.0,22689.0,22709.0,22728.0,22797.0,22735.0,22735.0
2024-11-14 10:00:00,空,22774.0,22774.0,22722.0,22729.0,22766.0,22795.0,22774.0,22774.0
2024-11-14 10:20:00,空,22621.0,22633.0,22590.0,22605.0,22608.0,22688.0,22633.0,22633.0
2024-11-14 10:35:00,多,22648.0,22676.0,22647.0,22670.0,22647.0,22647.0,22666.0,22646.0
2024-11-14 11:00:00,多,22636.0,22674.0,22635.0,22656.0,22576.0,22622.0,22648.0,22631.0
2024-11-14 12:10:00,多,22689.0,22733.0,22683.0,22724.0,22625.0,22670.0,22689.0,22656.0
2024-11-14 12:55:00,多,22748.0,22772.0,22743.0,22769.0,22707.0,22752.0,22755.0,22729.0
2024-11-15 08:55:00,多,22768.0,22796.0,22768.0,22790.0,22768.0,22768.0,22779.0,22764.0
2024-11-15 09:15:00,多,22880.0,22929.0,22872.0,22905.0,22872.0,22872.0,22897.0,22845.0
2024-11-15 10:35:00,空,22766.0,22767.0,22737.0,22743.0,22744.0,22854.0,22767.0,22767.0
2024-11-15 11:05:00,多,22763.0,22795.0,22760.0,22793.0,22760.0,22760.0,22765.0,22729.0
2024-11-15 13:00:00,多,22836.0,22872.0,22827.0,22859.0,22827.0,22827.0,22849.0,22806.0
2024-11-15 13:25:00,空,22851.0,22858.0,22815.0,22826.0,22852.0,22865.0,22858.0,22858.0
2024-11-18 09:10:00,空,22680.0,22686.0,22624.0,22624.0,22677.0,22722.0,22686.0,22686.0
2024-11-18 10:05:00,空,22590.0,22594.0,22558.0,22558.0,22563.0,22650.0,22594.0,22594.0
2024-11-18 11:00:00,多,22606.0,22666.0,22602.0,22653.0,22602.0,22602.0,22650.0,22596.0
2024-11-18 11:20:00,空,22615.0,22623.0,22602.0,22605.0,22606.0,22652.0,22623.0,22623.0
2024-11-18 13:05:00,空,22583.0,22587.0,22561.0,22563.0,22572.0,22607.0,22587.0,22587.0
2024-11-19 09:50:00,多,22681.0,22740.0,22681.0,22727.0,22681.0,22681.0,22698.0,22664.0
2024-11-19 10:50:00,多,22777.0,22813.0,22770.0,22810.0,22770.0,22770.0,22788.0,22735.0
2024-11-19 11:15:00,多,22842.0,22886.0,22842.0,22881.0,22842.0,22842.0,22845.0,22820.0
2024-11-19 13:25:00,空,22865.0,22870.0,22830.0,22841.0,22849.0,22885.0,22870.0,22870.0
2024-11-20 09:20:00,空,22855.0,22857.0,22817.0,22826.0,22833.0,22885.0,22857.0,22857.0
2024-11-20 09:50:00,空,22814.0,22843.0,22802.0,22806.0,22811.0,22850.0,22843.0,22843.0
2024-11-20 10:40:00,多,22826.0,22869.0,22825.0,22866.0,22825.0,22825.0,22833.0,22803.0
2024-11-20 11:15:00,空,22829.0,22829.0,22787.0,22805.0,22826.0,22862.0,22829.0,22829.0
2024-11-20 12:40:00,空,22737.0,22740.0,22705.0,22706.0,22718.0,22795.0,22740.0,22740.0
2024-11-21 09:20:00,多,22602.0,22638.0,22580.0,22632.0,22514.0,22613.0,22603.0,22578.0
2024-11-21 11:20:00,多,22670.0,22728.0,22669.0,22718.0,22669.0,22669.0,22685.0,22596.0
2024-11-21 11:45:00,空,22677.0,22684.0,22665.0,22668.0,22677.0,22690.0,22684.0,22684.0
2024-11-21 12:30:00,空,22625.0,22639.0,22614.0,22614.0,22621.0,22657.0,22639.0,22639.0
2024-11-21 13:20:00,多,22613.0,22647.0,22610.0,22642.0,22610.0,22610.0,22635.0,22608.0
2024-11-22 09:05:00,多,22914.0,22972.0,22914.0,22947.0,22914.0,22914.0,22927.0,22848.0
2024-11-22 09:25:00,空,22966.0,22973.0,22914.0,22930.0,22955.0,22980.0,22973.0,22973.0
2024-11-22 10:40:00,多,23004.0,23060.0,23004.0,23055.0,23004.0,23004.0,23010.0,22960.0
2024-11-22 11:25:00,空,23022.0,23032.0,22990.0,22998.0,23004.0,23038.0,23032.0,23032.0
2024-11-22 12:00:00,多,23016.0,23035.0,23013.0,23029.0,23013.0,23013.0,23028.0,22988.0
2024-11-22 12:45:00,空,23022.0,23028.0,23004.0,23012.0,23018.0,23029.0,23028.0,23028.0
2024-11-25 09:55:00,空,23203.0,23206.0,23136.0,23136.0,23157.0,23222.0,23206.0,23206.0
2024-11-25 11:25:00,空,23103.0,23103.0,23076.0,23085.0,23091.0,23123.0,23103.0,23103.0
2024-11-25 12:00:00,多,23107.0,23120.0,23102.0,23114.0,23102.0,23102.0,23109.0,23090.0
2024-11-25 12:50:00,空,23086.0,23093.0,23066.0,23066.0,23076.0,23109.0,23093.0,23093.0
2024-11-26 09:30:00,多,22698.0,22756.0,22691.0,22751.0,22615.0,22719.0,22713.0,22680.0
2024-11-26 12:50:00,空,22718.0,22723.0,22684.0,22684.0,22700.0,22734.0,22723.0,22723.0
2024-11-26 13:30:00,空,22677.0,22691.0,22659.0,22660.0,22673.0,22693.0,22691.0,22691.0
2024-11-27 09:55:00,空,22556.0,22556.0,22525.0,22526.0,22532.0,22593.0,22556.0,22556.0
2024-11-27 11:25:00,空,22527.0,22530.0,22506.0,22512.0,22517.0,22563.0,22530.0,22530.0
2024-11-27 12:05:00,空,22507.0,22509.0,22486.0,22493.0,22495.0,22513.0,22509.0,22509.0
2024-11-27 12:50:00,空,22418.0,22420.0,22385.0,22401.0,22412.0,22456.0,22420.0,22420.0
2024-11-27 13:15:00,空,22359.0,22368.0,22347.0,22352.0,22358.0,22395.0,22368.0,22368.0
2024-11-28 09:20:00,空,22329.0,22336.0,22258.0,22260.0,22279.0,22345.0,22336.0,22336.0
2024-11-28 09:55:00,空,22187.0,22194.0,22134.0,22153.0,22185.0,22235.0,22194.0,22194.0
2024-11-28 10:50:00,多,22260.0,22344.0,22260.0,22338.0,22260.0,22260.0,22270.0,22200.0
2024-11-28 11:25:00,空,22268.0,22278.0,22253.0,22254.0,22255.0,22287.0,22278.0,22278.0
2024-11-28 11:45:00,多,22286.0,22313.0,22286.0,22300.0,22286.0,22286.0,22289.0,22273.0
2024-11-28 12:25:00,多,22258.0,22308.0,22254.0,22295.0,22254.0,22254.0,22259.0,22247.0
2024-11-28 13:05:00,多,22310.0,22333.0,22301.0,22332.0,22301.0,22301.0,22320.0,22285.0
2024-11-28 13:35:00,多,22310.0,22327.0,22304.0,22327.0,22275.0,22293.0,22312.0,22303.0
2024-11-29 09:00:00,空,22085.0,22086.0,22004.0,22008.0,22061.0,22096.0,22086.0,22086.0
2024-11-29 09:25:00,多,22172.0,22203.0,22166.0,22192.0,22166.0,22166.0,22183.0,22114.0
2024-11-29 09:55:00,多,22232.0,22275.0,22231.0,22275.0,22231.0,22231.0,22237.0,22229.0
2024-11-29 11:10:00,多,22367.0,22394.0,22363.0,22387.0,22363.0,22363.0,22379.0,22336.0
2024-11-29 11:25:00,空,22363.0,22374.0,22341.0,22351.0,22356.0,22378.0,22374.0,22374.0
2024-11-29 12:00:00,多,22357.0,22380.0,22354.0,22372.0,22354.0,22354.0,22361.0,22341.0
2024-11-29 12:55:00,多,22397.0,22433.0,22397.0,22430.0,22397.0,22397.0,22416.0,22381.0
2024-12-02 09:10:00,多,22615.0,22652.0,22614.0,22650.0,22614.0,22614.0,22628.0,22592.0
2024-12-02 10:30:00,多,22756.0,22782.0,22755.0,22774.0,22755.0,22755.0,22773.0,22699.0
2024-12-02 12:30:00,多,22787.0,22810.0,22784.0,22802.0,22784.0,22784.0,22791.0,22761.0
2024-12-02 13:05:00,多,22800.0,22816.0,22797.0,22813.0,22797.0,22797.0,22803.0,22791.0
2024-12-02 13:20:00,空,22792.0,22794.0,22782.0,22782.0,22791.0,22804.0,22794.0,22794.0
2024-12-03 10:50:00,空,23032.0,23035.0,23007.0,23017.0,23020.0,23103.0,23035.0,23035.0
2024-12-03 11:05:00,多,23033.0,23046.0,23032.0,23042.0,23032.0,23032.0,23034.0,23019.0
2024-12-03 11:35:00,多,23103.0,23125.0,23102.0,23124.0,23102.0,23102.0,23111.0,23066.0
2024-12-03 12:35:00,空,23104.0,23105.0,23064.0,23064.0,23103.0,23124.0,23105.0,23105.0
2024-12-03 13:15:00,空,23066.0,23067.0,23047.0,23048.0,23053.0,23078.0,23067.0,23067.0
2024-12-03 13:40:00,多,23092.0,23114.0,23091.0,23112.0,23091.0,23091.0,23103.0,23087.0
2024-12-04 09:10:00,空,23136.0,23144.0,23105.0,23113.0,23128.0,23160.0,23144.0,23144.0
2024-12-04 09:55:00,多,23140.0,23160.0,23131.0,23159.0,23131.0,23131.0,23146.0,23124.0
2024-12-04 11:35:00,多,23140.0,23203.0,23139.0,23202.0,23139.0,23139.0,23159.0,23137.0
2024-12-04 12:20:00,空,23170.0,23171.0,23147.0,23148.0,23158.0,23188.0,23171.0,23171.0
2024-12-04 12:35:00,多,23164.0,23190.0,23160.0,23189.0,23160.0,23160.0,23173.0,23155.0
2024-12-04 13:00:00,多,23237.0,23254.0,23235.0,23247.0,23235.0,23235.0,23245.0,23228.0
2024-12-04 13:30:00,多,23273.0,23292.0,23266.0,23285.0,23266.0,23266.0,23277.0,23242.0
2024-12-05 09:15:00,空,23265.0,23272.0,23232.0,23248.0,23266.0,23287.0,23272.0,23272.0
2024-12-05 10:40:00,多,23291.0,23305.0,23288.0,23304.0,23288.0,23288.0,23296.0,23264.0
2024-12-05 12:25:00,多,23291.0,23315.0,23289.0,23309.0,23289.0,23289.0,23304.0,23275.0
2024-12-05 12:55:00,空,23288.0,23289.0,23264.0,23268.0,23282.0,23305.0,23289.0,23289.0
2024-12-06 10:15:00,多,23273.0,23294.0,23261.0,23290.0,23204.0,23292.0,23288.0,23249.0
2024-12-06 11:55:00,空,23213.0,23219.0,23175.0,23186.0,23210.0,23245.0,23219.0,23219.0
2024-12-06 12:25:00,空,23155.0,23162.0,23134.0,23143.0,23153.0,23172.0,23162.0,23162.0
2024-12-06 12:55:00,多,23192.0,23213.0,23192.0,23210.0,23192.0,23192.0,23203.0,23157.0
2024-12-06 13:40:00,空,23220.0,23221.0,23173.0,23179.0,23200.0,23222.0,23221.0,23221.0
2024-12-09 09:45:00,空,23208.0,23217.0,23190.0,23193.0,23205.0,23226.0,23217.0,23217.0
2024-12-09 10:00:00,多,23224.0,23244.0,23224.0,23236.0,23224.0,23224.0,23226.0,23218.0
2024-12-09 11:10:00,空,23235.0,23238.0,23204.0,23204.0,23212.0,23240.0,23238.0,23238.0
2024-12-09 12:35:00,空,23206.0,23212.0,23197.0,23200.0,23207.0,23215.0,23212.0,23212.0
2024-12-09 13:05:00,多,23218.0,23226.0,23214.0,23224.0,23214.0,23214.0,23220.0,23194.0
2024-12-09 13:20:00,空,23210.0,23214.0,23195.0,23202.0,23206.0,23216.0,23214.0,23214.0
2024-12-09 13:35:00,多,23247.0,23255.0,23244.0,23254.0,23244.0,23244.0,23252.0,23235.0
2024-12-10 09:05:00,多,23297.0,23337.0,23293.0,23326.0,23293.0,23293.0,23299.0,23274.0
2024-12-10 09:25:00,空,23266.0,23279.0,23242.0,23242.0,23262.0,23298.0,23279.0,23279.0
2024-12-10 10:00:00,空,23124.0,23126.0,23092.0,23092.0,23104.0,23200.0,23126.0,23126.0
2024-12-10 11:30:00,空,23076.0,23077.0,23045.0,23054.0,23072.0,23124.0,23077.0,23077.0
2024-12-10 12:20:00,多,23095.0,23115.0,23091.0,23112.0,23091.0,23091.0,23108.0,23063.0
2024-12-10 12:35:00,空,23086.0,23086.0,23072.0,23076.0,23077.0,23087.0,23086.0,23086.0
2024-12-11 09:35:00,多,22933.0,22974.0,22926.0,22970.0,22926.0,22926.0,22958.0,22920.0
2024-12-11 10:20:00,空,22974.0,22974.0,22938.0,22940.0,22974.0,23011.0,22974.0,22974.0
2024-12-11 10:50:00,多,22966.0,22983.0,22963.0,22982.0,22963.0,22963.0,22965.0,22950.0
2024-12-11 12:20:00,空,22908.0,22911.0,22877.0,22882.0,22904.0,22947.0,22911.0,22911.0
2024-12-11 12:40:00,空,22854.0,22855.0,22831.0,22841.0,22851.0,22858.0,22855.0,22855.0
2024-12-12 09:20:00,多,23159.0,23203.0,23159.0,23190.0,23159.0,23159.0,23174.0,23058.0
2024-12-12 09:50:00,空,23157.0,23157.0,23086.0,23105.0,23155.0,23160.0,23157.0,23157.0
2024-12-12 11:00:00,多,23117.0,23164.0,23117.0,23147.0,23117.0,23117.0,23126.0,23091.0
2024-12-12 11:35:00,空,23113.0,23113.0,23070.0,23079.0,23084.0,23139.0,23113.0,23113.0
2024-12-12 13:05:00,空,23092.0,23093.0,23079.0,23084.0,23085.0,23104.0,23093.0,23093.0
2024-12-13 10:00:00,空,22956.0,22959.0,22922.0,22925.0,22935.0,22961.0,22959.0,22959.0
2024-12-13 10:25:00,多,23022.0,23062.0,23007.0,23045.0,23007.0,23007.0,23028.0,22925.0
2024-12-13 11:10:00,空,23033.0,23033.0,23008.0,23020.0,23031.0,23048.0,23033.0,23033.0
2024-12-13 12:25:00,空,23039.0,23039.0,23005.0,23012.0,23027.0,23043.0,23039.0,23039.0
2024-12-13 13:40:00,空,22999.0,23002.0,22979.0,22986.0,22993.0,23015.0,23002.0,23002.0
2024-12-16 09:00:00,多,23242.0,23270.0,23235.0,23257.0,23235.0,23235.0,23246.0,23210.0
2024-12-16 09:35:00,空,23161.0,23173.0,23135.0,23139.0,23153.0,23213.0,23173.0,23173.0
2024-12-16 09:55:00,多,23204.0,23240.0,23203.0,23234.0,23203.0,23203.0,23209.0,23175.0
2024-12-16 10:20:00,空,23175.0,23179.0,23141.0,23148.0,23168.0,23200.0,23179.0,23179.0
2024-12-16 11:15:00,空,23099.0,23109.0,23081.0,23087.0,23089.0,23122.0,23109.0,23109.0
2024-12-16 11:45:00,空,23035.0,23037.0,23000.0,23004.0,23008.0,23075.0,23037.0,23037.0
2024-12-16 13:00:00,空,22984.0,22990.0,22977.0,22978.0,22981.0,23002.0,22990.0,22990.0
2024-12-17 09:05:00,多,23107.0,23149.0,23106.0,23137.0,23106.0,23106.0,23121.0,23105.0
2024-12-17 10:25:00,空,23145.0,23150.0,23115.0,23123.0,23138.0,23199.0,23150.0,23150.0
2024-12-17 11:25:00,多,23103.0,23115.0,23103.0,23111.0,23065.0,23101.0,23105.0,23093.0
2024-12-17 11:55:00,空,23090.0,23094.0,23074.0,23076.0,23090.0,23105.0,23094.0,23094.0
2024-12-17 13:35:00,空,23043.0,23045.0,23027.0,23030.0,23040.0,23058.0,23045.0,23045.0
2024-12-18 09:40:00,多,22937.0,22995.0,22934.0,22991.0,22934.0,22934.0,22950.0,22927.0
2024-12-18 10:45:00,空,23005.0,23006.0,22987.0,22993.0,23001.0,23026.0,23006.0,23006.0
2024-12-18 11:15:00,空,22998.0,22999.0,22982.0,22985.0,22994.0,23001.0,22999.0,22999.0
2024-12-18 11:30:00,空,22962.0,22965.0,22930.0,22944.0,22960.0,22979.0,22965.0,22965.0
2024-12-18 12:15:00,多,22989.0,23016.0,22988.0,23014.0,22988.0,22988.0,22997.0,22966.0
2024-12-18 12:40:00,多,23130.0,23190.0,23122.0,23186.0,23122.0,23122.0,23141.0,23096.0
2024-12-18 13:00:00,空,23156.0,23157.0,23109.0,23119.0,23148.0,23165.0,23157.0,23157.0
2024-12-19 09:05:00,多,22841.0,22885.0,22832.0,22865.0,22832.0,22832.0,22844.0,22752.0
2024-12-19 09:30:00,空,22808.0,22815.0,22754.0,22772.0,22804.0,22827.0,22815.0,22815.0
2024-12-19 11:10:00,空,22816.0,22827.0,22805.0,22809.0,22811.0,22833.0,22827.0,22827.0
2024-12-19 12:05:00,多,22788.0,22812.0,22785.0,22803.0,22761.0,22805.0,22797.0,22782.0
2024-12-19 12:25:00,多,22821.0,22860.0,22812.0,22841.0,22812.0,22812.0,22822.0,22811.0
2024-12-19 13:05:00,多,22860.0,22900.0,22860.0,22886.0,22860.0,22860.0,22875.0,22834.0
2024-12-19 13:40:00,空,22865.0,22876.0,22846.0,22849.0,22860.0,22882.0,22876.0,22876.0
2024-12-20 09:45:00,空,22749.0,22751.0,22687.0,22689.0,22737.0,22764.0,22751.0,22751.0
2024-12-20 11:40:00,空,22675.0,22677.0,22653.0,22654.0,22655.0,22718.0,22677.0,22677.0
2024-12-20 12:50:00,多,22634.0,22664.0,22630.0,22657.0,22590.0,22642.0,22636.0,22613.0
2024-12-20 13:30:00,空,22650.0,22678.0,22629.0,22635.0,22645.0,22718.0,22678.0,22678.0
2024-12-23 09:30:00,多,22992.0,23066.0,22991.0,23058.0,22991.0,22991.0,23038.0,22963.0
2024-12-23 09:55:00,多,23100.0,23125.0,23097.0,23122.0,23097.0,23097.0,23107.0,23094.0
2024-12-23 10:40:00,多,23160.0,23176.0,23151.0,23170.0,23151.0,23151.0,23166.0,23127.0
2024-12-23 12:00:00,空,23156.0,23163.0,23139.0,23141.0,23150.0,23174.0,23163.0,23163.0
2024-12-23 12:40:00,空,23164.0,23168.0,23150.0,23152.0,23160.0,23180.0,23168.0,23168.0
2024-12-23 13:20:00,空,23178.0,23179.0,23159.0,23163.0,23178.0,23185.0,23179.0,23179.0
2024-12-23 13:40:00,多,23199.0,23245.0,23196.0,23242.0,23196.0,23196.0,23214.0,23188.0
2024-12-24 08:55:00,空,23398.0,23399.0,23370.0,23375.0,23381.0,23412.0,23399.0,23399.0
2024-12-24 10:50:00,空,23306.0,23314.0,23273.0,23279.0,23280.0,23317.0,23314.0,23314.0
2024-12-24 11:45:00,空,23261.0,23270.0,23247.0,23251.0,23261.0,23275.0,23270.0,23270.0
2024-12-24 13:30:00,空,23216.0,23218.0,23188.0,23199.0,23201.0,23239.0,23218.0,23218.0
2024-12-25 10:15:00,空,23286.0,23286.0,23271.0,23274.0,23278.0,23301.0,23286.0,23286.0
2024-12-25 10:40:00,空,23291.0,23297.0,23266.0,23270.0,23287.0,23298.0,23297.0,23297.0
2024-12-25 11:55:00,多,23284.0,23299.0,23280.0,23298.0,23280.0,23280.0,23293.0,23269.0
2024-12-25 12:40:00,多,23311.0,23330.0,23307.0,23329.0,23307.0,23307.0,23312.0,23303.0
2024-12-26 09:30:00,空,23329.0,23334.0,23305.0,23315.0,23320.0,23343.0,23334.0,23334.0
2024-12-26 10:15:00,多,23311.0,23338.0,23309.0,23330.0,23289.0,23314.0,23318.0,23305.0
2024-12-26 12:00:00,多,23322.0,23349.0,23317.0,23348.0,23317.0,23317.0,23323.0,23312.0
2024-12-26 13:40:00,多,23318.0,23331.0,23315.0,23326.0,23285.0,23334.0,23321.0,23311.0
2024-12-27 09:40:00,多,23249.0,23278.0,23248.0,23266.0,23248.0,23248.0,23262.0,23210.0
2024-12-27 10:35:00,多,23339.0,23353.0,23333.0,23347.0,23333.0,23333.0,23346.0,23291.0
2024-12-27 12:40:00,多,23338.0,23349.0,23334.0,23347.0,23307.0,23334.0,23343.0,23323.0
2024-12-27 13:15:00,多,23358.0,23374.0,23358.0,23367.0,23358.0,23358.0,23364.0,23341.0
2024-12-30 09:40:00,多,23284.0,23293.0,23263.0,23292.0,23263.0,23263.0,23288.0,23248.0
2024-12-30 10:50:00,空,23265.0,23267.0,23253.0,23254.0,23258.0,23290.0,23267.0,23267.0
2024-12-30 12:15:00,空,23250.0,23250.0,23230.0,23232.0,23248.0,23266.0,23250.0,23250.0
2024-12-30 12:55:00,空,23229.0,23237.0,23224.0,23225.0,23228.0,23242.0,23237.0,23237.0
2024-12-30 13:30:00,空,23176.0,23195.0,23155.0,23160.0,23164.0,23212.0,23195.0,23195.0
2024-12-31 09:10:00,空,22974.0,22980.0,22958.0,22960.0,22963.0,22994.0,22980.0,22980.0
2024-12-31 10:55:00,空,23031.0,23031.0,23000.0,23004.0,23024.0,23042.0,23031.0,23031.0
2024-12-31 11:35:00,空,22991.0,22991.0,22970.0,22979.0,22990.0,23006.0,22991.0,22991.0
2024-12-31 12:25:00,多,22997.0,23018.0,22990.0,23011.0,22990.0,22990.0,23002.0,22980.0
2024-12-31 13:15:00,多,23083.0,23105.0,23083.0,23096.0,23083.0,23083.0,23091.0,23046.0
2024-12-31 13:30:00,空,23071.0,23077.0,23045.0,23053.0,23065.0,23079.0,23077.0,23077.0
2025-01-02 10:30:00,空,22852.0,22856.0,22826.0,22837.0,22840.0,22932.0,22856.0,22856.0
2025-01-02 10:55:00,空,22838.0,22843.0,22815.0,22826.0,22837.0,22848.0,22843.0,22843.0
2025-01-02 11:10:00,空,22804.0,22804.0,22766.0,22769.0,22795.0,22812.0,22804.0,22804.0
2025-01-02 12:40:00,空,22735.0,22735.0,22708.0,22710.0,22724.0,22779.0,22735.0,22735.0
2025-01-02 13:15:00,多,22732.0,22782.0,22729.0,22777.0,22729.0,22729.0,22740.0,22704.0
2025-01-02 13:30:00,多,22831.0,22862.0,22811.0,22860.0,22811.0,22811.0,22837.0,22797.0
2025-01-03 09:35:00,空,22980.0,22990.0,22923.0,22943.0,22961.0,23010.0,22990.0,22990.0
2025-01-03 10:25:00,多,22961.0,22998.0,22961.0,22987.0,22961.0,22961.0,22977.0,22946.0
2025-01-03 10:55:00,多,23018.0,23042.0,23015.0,23037.0,23015.0,23015.0,23030.0,23007.0
2025-01-03 12:35:00,空,23022.0,23031.0,22982.0,22987.0,23010.0,23046.0,23031.0,23031.0
2025-01-06 09:15:00,多,23327.0,23356.0,23326.0,23346.0,23326.0,23326.0,23336.0,23302.0
2025-01-06 09:40:00,多,23391.0,23415.0,23390.0,23414.0,23390.0,23390.0,23401.0,23358.0
2025-01-06 10:10:00,多,23432.0,23452.0,23431.0,23449.0,23431.0,23431.0,23443.0,23427.0
2025-01-06 10:30:00,多,23498.0,23519.0,23495.0,23514.0,23495.0,23495.0,23502.0,23483.0
2025-01-06 11:10:00,多,23522.0,23542.0,23518.0,23542.0,23518.0,23518.0,23538.0,23510.0
2025-01-06 11:35:00,多,23578.0,23593.0,23574.0,23591.0,23574.0,23574.0,23587.0,23553.0
2025-01-06 13:00:00,多,23595.0,23617.0,23590.0,23610.0,23590.0,23590.0,23596.0,23570.0
2025-01-06 13:15:00,空,23605.0,23605.0,23578.0,23590.0,23596.0,23606.0,23605.0,23605.0
2025-01-07 09:15:00,空,23860.0,23865.0,23836.0,23838.0,23853.0,23901.0,23865.0,23865.0
2025-01-07 09:55:00,多,23908.0,23932.0,23906.0,23929.0,23906.0,23906.0,23915.0,23862.0
2025-01-07 10:35:00,空,23867.0,23875.0,23849.0,23851.0,23857.0,23905.0,23875.0,23875.0
2025-01-07 11:25:00,空,23780.0,23805.0,23760.0,23762.0,23775.0,23845.0,23805.0,23805.0
2025-01-07 12:35:00,空,23790.0,23805.0,23755.0,23767.0,23785.0,23826.0,23805.0,23805.0
2025-01-08 09:05:00,多,23597.0,23616.0,23577.0,23614.0,23577.0,23577.0,23598.0,23568.0
2025-01-08 09:45:00,空,23583.0,23592.0,23567.0,23573.0,23576.0,23612.0,23592.0,23592.0
2025-01-08 11:00:00,空,23562.0,23568.0,23512.0,23514.0,23554.0,23596.0,23568.0,23568.0
2025-01-08 12:45:00,空,23455.0,23459.0,23442.0,23447.0,23448.0,23501.0,23459.0,23459.0
2025-01-08 13:05:00,多,23462.0,23498.0,23457.0,23481.0,23457.0,23457.0,23474.0,23454.0
2025-01-09 09:00:00,多,23346.0,23393.0,23338.0,23381.0,23338.0,23338.0,23348.0,23317.0
2025-01-09 11:15:00,空,23291.0,23302.0,23264.0,23273.0,23289.0,23356.0,23302.0,23302.0
2025-01-09 11:45:00,空,23280.0,23284.0,23265.0,23269.0,23280.0,23285.0,23284.0,23284.0
2025-01-09 12:10:00,空,23216.0,23222.0,23182.0,23185.0,23214.0,23238.0,23222.0,23222.0
2025-01-09 12:40:00,空,23163.0,23163.0,23122.0,23134.0,23141.0,23176.0,23163.0,23163.0
2025-01-10 09:55:00,空,23085.0,23092.0,23055.0,23055.0,23061.0,23108.0,23092.0,23092.0
2025-01-10 11:55:00,空,23014.0,23014.0,22984.0,22984.0,22989.0,23041.0,23014.0,23014.0
2025-01-10 12:20:00,多,22979.0,22995.0,22979.0,22991.0,22955.0,22965.0,22978.0,22978.0
2025-01-10 12:50:00,多,22985.0,23036.0,22980.0,23033.0,22980.0,22980.0,22997.0,22976.0
2025-01-13 09:10:00,空,22824.0,22844.0,22784.0,22801.0,22812.0,22906.0,22844.0,22844.0
2025-01-13 09:25:00,空,22716.0,22726.0,22655.0,22666.0,22712.0,22769.0,22726.0,22726.0
2025-01-14 11:05:00,多,22700.0,22720.0,22700.0,22718.0,22700.0,22700.0,22710.0,22580.0
2025-01-14 11:55:00,空,22705.0,22706.0,22689.0,22690.0,22700.0,22725.0,22706.0,22706.0
2025-01-14 13:30:00,多,22722.0,22748.0,22714.0,22747.0,22714.0,22714.0,22740.0,22695.0
2025-01-15 09:20:00,空,22641.0,22649.0,22621.0,22625.0,22626.0,22702.0,22649.0,22649.0
2025-01-15 10:35:00,空,22640.0,22640.0,22620.0,22625.0,22635.0,22669.0,22640.0,22640.0
2025-01-15 11:40:00,空,22603.0,22610.0,22568.0,22569.0,22587.0,22615.0,22610.0,22610.0
2025-01-15 12:15:00,多,22520.0,22541.0,22518.0,22533.0,22495.0,22526.0,22526.0,22514.0
2025-01-16 09:40:00,多,23040.0,23100.0,23037.0,23092.0,23037.0,23037.0,23046.0,23024.0
2025-01-16 09:55:00,空,23041.0,23050.0,23025.0,23028.0,23034.0,23068.0,23050.0,23050.0
2025-01-16 11:00:00,多,23101.0,23139.0,23095.0,23138.0,23095.0,23095.0,23105.0,23047.0
2025-01-16 11:30:00,多,23182.0,23217.0,23177.0,23209.0,23177.0,23177.0,23202.0,23152.0
2025-01-16 13:00:00,空,23160.0,23164.0,23121.0,23122.0,23145.0,23186.0,23164.0,23164.0
2025-01-16 13:15:00,空,23098.0,23101.0,23050.0,23055.0,23097.0,23103.0,23101.0,23101.0
2025-01-17 10:05:00,多,23057.0,23075.0,23046.0,23074.0,22956.0,23241.0,23057.0,23035.0
2025-01-17 10:35:00,空,23061.0,23061.0,23014.0,23021.0,23035.0,23064.0,23061.0,23061.0
2025-01-17 11:30:00,多,23060.0,23102.0,23060.0,23097.0,23060.0,23060.0,23076.0,23044.0
2025-01-17 13:30:00,多,23164.0,23204.0,23162.0,23197.0,23162.0,23162.0,23179.0,23115.0
2025-01-20 09:10:00,多,23296.0,23345.0,23290.0,23330.0,23290.0,23290.0,23324.0,23276.0
2025-01-20 09:40:00,多,23330.0,23343.0,23322.0,23337.0,23281.0,23325.0,23336.0,23316.0
2025-01-20 10:40:00,多,23358.0,23372.0,23346.0,23369.0,23346.0,23346.0,23365.0,23335.0
2025-01-20 11:10:00,多,23377.0,23397.0,23370.0,23390.0,23370.0,23370.0,23379.0,23359.0
2025-01-20 11:35:00,空,23374.0,23377.0,23359.0,23361.0,23370.0,23391.0,23377.0,23377.0
2025-01-20 12:55:00,多,23359.0,23377.0,23356.0,23370.0,23356.0,23356.0,23365.0,23347.0
2025-01-20 13:15:00,空,23361.0,23361.0,23333.0,23344.0,23361.0,23368.0,23361.0,23361.0
2025-01-21 08:55:00,空,23335.0,23340.0,23246.0,23259.0,23310.0,23381.0,23340.0,23340.0
2025-01-21 09:10:00,多,23290.0,23330.0,23288.0,23317.0,23288.0,23288.0,23312.0,23280.0
2025-01-21 09:40:00,空,23267.0,23278.0,23241.0,23242.0,23252.0,23298.0,23278.0,23278.0
2025-01-21 10:35:00,多,23311.0,23345.0,23304.0,23337.0,23304.0,23304.0,23320.0,23279.0
2025-01-21 11:10:00,多,23328.0,23343.0,23328.0,23341.0,23328.0,23328.0,23331.0,23326.0
2025-01-21 11:25:00,多,23377.0,23420.0,23374.0,23403.0,23374.0,23374.0,23385.0,23369.0
2025-01-21 12:10:00,多,23382.0,23397.0,23381.0,23397.0,23353.0,23373.0,23387.0,23378.0
2025-01-21 12:35:00,空,23384.0,23384.0,23365.0,23370.0,23376.0,23388.0,23384.0,23384.0
2025-01-21 13:05:00,多,23385.0,23405.0,23381.0,23405.0,23381.0,23381.0,23388.0,23355.0
2025-01-22 09:50:00,多,23647.0,23692.0,23643.0,23692.0,23643.0,23643.0,23666.0,23594.0
2025-01-22 10:50:00,空,23654.0,23654.0,23616.0,23622.0,23632.0,23699.0,23654.0,23654.0
2025-01-22 12:35:00,多,23660.0,23677.0,23654.0,23672.0,23654.0,23654.0,23662.0,23631.0
2025-02-04 09:45:00,空,22831.0,22833.0,22795.0,22796.0,22810.0,22897.0,22833.0,22833.0
2025-02-04 11:05:00,空,22845.0,22848.0,22825.0,22828.0,22839.0,22884.0,22848.0,22848.0
2025-02-04 12:15:00,多,22828.0,22845.0,22828.0,22839.0,22808.0,22830.0,22838.0,22822.0
2025-02-04 13:05:00,空,22830.0,22831.0,22753.0,22760.0,22826.0,22846.0,22831.0,22831.0
2025-02-04 13:30:00,多,22758.0,22783.0,22752.0,22783.0,22752.0,22752.0,22763.0,22748.0
2025-02-05 09:05:00,多,23137.0,23182.0,23129.0,23178.0,23129.0,23129.0,23137.0,23080.0
2025-02-05 13:35:00,空,23165.0,23165.0,23108.0,23115.0,23152.0,23198.0,23165.0,23165.0
2025-02-06 10:10:00,空,23287.0,23292.0,23274.0,23274.0,23279.0,23305.0,23292.0,23292.0
2025-02-06 10:40:00,空,23275.0,23277.0,23256.0,23264.0,23269.0,23283.0,23277.0,23277.0
2025-02-06 11:55:00,多,23268.0,23287.0,23268.0,23284.0,23268.0,23268.0,23280.0,23253.0
2025-02-06 12:30:00,多,23305.0,23327.0,23304.0,23322.0,23304.0,23304.0,23308.0,23290.0
2025-02-06 13:15:00,空,23282.0,23283.0,23263.0,23271.0,23272.0,23293.0,23283.0,23283.0
2025-02-07 09:25:00,空,23329.0,23332.0,23310.0,23316.0,23322.0,23333.0,23332.0,23332.0
2025-02-07 10:00:00,多,23354.0,23400.0,23353.0,23379.0,23353.0,23353.0,23367.0,23321.0
2025-02-07 10:25:00,多,23391.0,23404.0,23390.0,23401.0,23390.0,23390.0,23396.0,23374.0
2025-02-07 11:05:00,多,23398.0,23422.0,23393.0,23413.0,23393.0,23393.0,23409.0,23390.0
2025-02-10 10:55:00,空,23222.0,23228.0,23210.0,23211.0,23213.0,23290.0,23228.0,23228.0
2025-02-10 11:15:00,空,23190.0,23204.0,23168.0,23175.0,23190.0,23205.0,23204.0,23204.0
2025-02-10 12:15:00,多,23198.0,23217.0,23197.0,23216.0,23197.0,23197.0,23214.0,23185.0
2025-02-10 12:40:00,空,23210.0,23210.0,23196.0,23200.0,23201.0,23212.0,23210.0,23210.0
2025-02-10 13:20:00,多,23242.0,23260.0,23238.0,23258.0,23238.0,23238.0,23250.0,23220.0
2025-02-11 09:05:00,多,23466.0,23495.0,23454.0,23495.0,23454.0,23454.0,23468.0,23418.0
2025-02-11 09:25:00,空,23455.0,23458.0,23430.0,23432.0,23453.0,23477.0,23458.0,23458.0
2025-02-11 10:15:00,空,23398.0,23400.0,23368.0,23378.0,23384.0,23428.0,23400.0,23400.0
2025-02-11 11:05:00,空,23348.0,23352.0,23335.0,23340.0,23341.0,23377.0,23352.0,23352.0
2025-02-11 11:40:00,空,23348.0,23350.0,23337.0,23338.0,23348.0,23352.0,23350.0,23350.0
2025-02-11 13:05:00,多,23338.0,23365.0,23335.0,23360.0,23335.0,23335.0,23340.0,23318.0
2025-02-11 13:40:00,空,23350.0,23352.0,23325.0,23335.0,23347.0,23355.0,23352.0,23352.0
2025-02-12 09:10:00,多,23511.0,23536.0,23504.0,23528.0,23504.0,23504.0,23527.0,23466.0
2025-02-12 09:25:00,空,23479.0,23483.0,23454.0,23465.0,23467.0,23492.0,23483.0,23483.0
2025-02-12 10:15:00,空,23454.0,23459.0,23433.0,23437.0,23447.0,23462.0,23459.0,23459.0
2025-02-12 10:40:00,空,23423.0,23425.0,23382.0,23387.0,23401.0,23437.0,23425.0,23425.0
2025-02-12 10:55:00,空,23349.0,23355.0,23336.0,23337.0,23340.0,23371.0,23355.0,23355.0
2025-02-12 11:55:00,空,23346.0,23349.0,23317.0,23318.0,23333.0,23359.0,23349.0,23349.0
2025-02-13 08:55:00,空,23391.0,23396.0,23326.0,23326.0,23387.0,23408.0,23396.0,23396.0
2025-02-13 09:50:00,多,23339.0,23356.0,23332.0,23350.0,23332.0,23332.0,23347.0,23330.0
2025-02-13 11:35:00,多,23383.0,23402.0,23383.0,23398.0,23383.0,23383.0,23386.0,23344.0
2025-02-13 11:55:00,空,23398.0,23408.0,23395.0,23396.0,23397.0,23412.0,23408.0,23408.0
2025-02-13 12:55:00,空,23389.0,23392.0,23371.0,23375.0,23385.0,23401.0,23392.0,23392.0
2025-02-14 09:30:00,空,23205.0,23207.0,23162.0,23165.0,23181.0,23264.0,23207.0,23207.0
2025-02-14 09:50:00,多,23195.0,23236.0,23194.0,23228.0,23194.0,23194.0,23202.0,23192.0
2025-02-14 10:35:00,多,23236.0,23255.0,23233.0,23250.0,23233.0,23233.0,23247.0,23226.0
2025-02-14 11:15:00,空,23217.0,23218.0,23178.0,23181.0,23207.0,23226.0,23218.0,23218.0
2025-02-14 12:05:00,空,23141.0,23150.0,23134.0,23134.0,23137.0,23169.0,23150.0,23150.0
2025-02-14 12:55:00,多,23139.0,23165.0,23138.0,23165.0,23138.0,23138.0,23155.0,23134.0
2025-02-17 09:15:00,多,23349.0,23396.0,23344.0,23385.0,23344.0,23344.0,23379.0,23338.0
2025-02-17 09:50:00,多,23430.0,23468.0,23427.0,23459.0,23427.0,23427.0,23455.0,23421.0
2025-02-17 10:40:00,多,23473.0,23489.0,23473.0,23485.0,23473.0,23473.0,23476.0,23452.0
2025-02-17 11:20:00,多,23518.0,23527.0,23516.0,23523.0,23516.0,23516.0,23520.0,23507.0
2025-02-17 12:10:00,空,23513.0,23515.0,23493.0,23497.0,23513.0,23526.0,23515.0,23515.0
2025-02-17 12:50:00,多,23514.0,23529.0,23510.0,23528.0,23510.0,23510.0,23520.0,23504.0
2025-02-17 13:35:00,空,23508.0,23509.0,23480.0,23489.0,23496.0,23518.0,23509.0,23509.0
2025-02-18 09:55:00,多,23524.0,23534.0,23522.0,23534.0,23466.0,23529.0,23532.0,23511.0
2025-02-18 12:40:00,多,23561.0,23598.0,23553.0,23596.0,23553.0,23553.0,23588.0,23529.0
2025-02-18 13:00:00,多,23610.0,23621.0,23607.0,23618.0,23607.0,23607.0,23613.0,23606.0
2025-02-18 13:35:00,多,23654.0,23663.0,23651.0,23660.0,23651.0,23651.0,23656.0,23632.0
2025-02-19 09:25:00,多,23637.0,23655.0,23636.0,23649.0,23636.0,23636.0,23640.0,23610.0
2025-02-19 09:40:00,多,23666.0,23688.0,23660.0,23686.0,23660.0,23660.0,23673.0,23651.0
2025-02-19 09:55:00,空,23656.0,23661.0,23634.0,23641.0,23652.0,23668.0,23661.0,23661.0
2025-02-19 10:45:00,多,23604.0,23620.0,23600.0,23618.0,23580.0,23607.0,23613.0,23594.0
2025-02-19 11:35:00,多,23668.0,23678.0,23666.0,23675.0,23666.0,23666.0,23672.0,23631.0
2025-02-19 12:10:00,空,23666.0,23668.0,23641.0,23647.0,23657.0,23675.0,23668.0,23668.0
2025-02-19 12:25:00,多,23667.0,23672.0,23663.0,23672.0,23663.0,23663.0,23671.0,23655.0
2025-02-20 09:05:00,空,23502.0,23504.0,23450.0,23460.0,23497.0,23538.0,23504.0,23504.0
2025-02-20 09:50:00,空,23402.0,23408.0,23383.0,23386.0,23391.0,23427.0,23408.0,23408.0
2025-02-20 10:10:00,多,23423.0,23455.0,23423.0,23451.0,23423.0,23423.0,23424.0,23392.0
2025-02-20 11:20:00,多,23494.0,23534.0,23492.0,23527.0,23492.0,23492.0,23509.0,23451.0
2025-02-20 13:25:00,空,23528.0,23531.0,23507.0,23510.0,23511.0,23540.0,23531.0,23531.0
2025-02-21 09:00:00,空,23511.0,23519.0,23488.0,23490.0,23505.0,23525.0,23519.0,23519.0
2025-02-21 09:25:00,多,23512.0,23535.0,23507.0,23535.0,23507.0,23507.0,23517.0,23493.0
2025-02-21 10:05:00,多,23597.0,23667.0,23596.0,23650.0,23596.0,23596.0,23635.0,23535.0
2025-02-21 10:35:00,多,23677.0,23704.0,23676.0,23694.0,23676.0,23676.0,23690.0,23669.0
2025-02-21 11:20:00,多,23707.0,23724.0,23702.0,23720.0,23702.0,23702.0,23719.0,23701.0
2025-02-21 12:55:00,多,23722.0,23727.0,23721.0,23726.0,23702.0,23718.0,23722.0,23716.0
2025-02-24 09:30:00,空,23467.0,23473.0,23445.0,23450.0,23452.0,23492.0,23473.0,23473.0
2025-02-24 10:45:00,多,23514.0,23540.0,23511.0,23540.0,23511.0,23511.0,23522.0,23470.0
2025-02-24 11:45:00,多,23538.0,23555.0,23538.0,23548.0,23538.0,23538.0,23547.0,23531.0
2025-02-24 12:40:00,空,23537.0,23538.0,23519.0,23525.0,23530.0,23545.0,23538.0,23538.0
2025-02-24 13:20:00,多,23543.0,23553.0,23537.0,23549.0,23537.0,23537.0,23545.0,23528.0
2025-02-25 09:10:00,空,23215.0,23219.0,23186.0,23198.0,23202.0,23234.0,23219.0,23219.0
2025-02-25 09:45:00,多,23218.0,23245.0,23209.0,23241.0,23209.0,23209.0,23234.0,23197.0
2025-02-25 10:40:00,多,23298.0,23322.0,23298.0,23311.0,23298.0,23298.0,23306.0,23237.0
2025-02-25 12:45:00,空,23268.0,23272.0,23252.0,23252.0,23263.0,23318.0,23272.0,23272.0
2025-02-25 13:00:00,多,23262.0,23282.0,23262.0,23278.0,23262.0,23262.0,23268.0,23260.0
2025-02-25 13:35:00,多,23294.0,23304.0,23292.0,23300.0,23292.0,23292.0,23299.0,23283.0
2025-02-26 09:20:00,多,23187.0,23231.0,23173.0,23223.0,23173.0,23173.0,23197.0,23136.0
2025-02-26 11:00:00,多,23292.0,23299.0,23285.0,23297.0,23285.0,23285.0,23296.0,23249.0
2025-02-26 11:15:00,多,23315.0,23335.0,23315.0,23333.0,23315.0,23315.0,23319.0,23305.0
2025-02-26 12:15:00,空,23312.0,23314.0,23286.0,23286.0,23292.0,23321.0,23314.0,23314.0
2025-02-26 12:45:00,多,23323.0,23345.0,23322.0,23343.0,23322.0,23322.0,23332.0,23296.0
2025-02-26 13:05:00,多,23373.0,23396.0,23371.0,23392.0,23371.0,23371.0,23376.0,23343.0
2025-02-26 13:40:00,多,23402.0,23421.0,23397.0,23421.0,23397.0,23397.0,23417.0,23375.0
2025-02-27 09:45:00,空,23361.0,23369.0,23345.0,23346.0,23357.0,23395.0,23369.0,23369.0
2025-02-27 10:05:00,空,23324.0,23329.0,23205.0,23211.0,23315.0,23330.0,23329.0,23329.0
2025-03-03 09:30:00,空,22658.0,22675.0,22615.0,22635.0,22655.0,22710.0,22675.0,22675.0
2025-03-03 10:10:00,多,22707.0,22750.0,22699.0,22744.0,22699.0,22699.0,22725.0,22667.0
2025-03-03 11:20:00,空,22642.0,22646.0,22622.0,22625.0,22634.0,22683.0,22646.0,22646.0
2025-03-03 11:50:00,多,22685.0,22699.0,22684.0,22699.0,22684.0,22684.0,22694.0,22655.0
2025-03-03 12:15:00,多,22736.0,22765.0,22723.0,22760.0,22723.0,22723.0,22750.0,22715.0
2025-03-04 10:05:00,多,22432.0,22480.0,22426.0,22479.0,22426.0,22426.0,22457.0,22275.0
2025-03-04 10:30:00,多,22511.0,22535.0,22503.0,22530.0,22503.0,22503.0,22512.0,22499.0
2025-03-04 11:50:00,多,22593.0,22610.0,22587.0,22610.0,22587.0,22587.0,22607.0,22566.0
2025-03-04 12:10:00,多,22633.0,22643.0,22630.0,22639.0,22630.0,22630.0,22635.0,22621.0
2025-03-04 13:35:00,空,22604.0,22605.0,22546.0,22547.0,22574.0,22628.0,22605.0,22605.0
2025-03-05 08:55:00,多,22733.0,22754.0,22723.0,22752.0,22723.0,22723.0,22739.0,22714.0
2025-03-05 10:10:00,空,22836.0,22846.0,22783.0,22790.0,22817.0,22847.0,22846.0,22846.0
2025-03-05 10:50:00,多,22845.0,22865.0,22845.0,22863.0,22845.0,22845.0,22852.0,22812.0
2025-03-05 11:10:00,多,22870.0,22899.0,22866.0,22890.0,22866.0,22866.0,22875.0,22853.0
2025-03-05 12:25:00,多,22910.0,22927.0,22905.0,22921.0,22905.0,22905.0,22917.0,22876.0
2025-03-06 08:55:00,空,22913.0,22919.0,22888.0,22890.0,22911.0,22941.0,22919.0,22919.0
2025-03-06 09:30:00,空,22834.0,22843.0,22815.0,22822.0,22831.0,22846.0,22843.0,22843.0
2025-03-06 10:35:00,空,22813.0,22814.0,22753.0,22765.0,22786.0,22820.0,22814.0,22814.0
2025-03-06 12:35:00,多,22777.0,22793.0,22768.0,22792.0,22768.0,22768.0,22788.0,22737.0
2025-03-06 13:05:00,空,22778.0,22781.0,22764.0,22769.0,22773.0,22794.0,22781.0,22781.0
2025-03-06 13:30:00,空,22756.0,22762.0,22732.0,22742.0,22751.0,22776.0,22762.0,22762.0
2025-03-07 09:10:00,多,22654.0,22685.0,22648.0,22683.0,22648.0,22648.0,22656.0,22575.0
2025-03-07 09:45:00,空,22625.0,22632.0,22603.0,22607.0,22608.0,22652.0,22632.0,22632.0
2025-03-10 09:10:00,空,22411.0,22427.0,22341.0,22375.0,22411.0,22457.0,22427.0,22427.0
2025-03-10 10:10:00,多,22422.0,22453.0,22412.0,22453.0,22412.0,22412.0,22442.0,22400.0
2025-03-10 11:00:00,空,22478.0,22480.0,22448.0,22459.0,22477.0,22493.0,22480.0,22480.0
2025-03-10 11:40:00,多,22463.0,22479.0,22455.0,22472.0,22455.0,22455.0,22464.0,22443.0
2025-03-10 11:55:00,空,22458.0,22460.0,22428.0,22429.0,22458.0,22467.0,22460.0,22460.0
2025-03-10 12:15:00,多,22451.0,22473.0,22451.0,22465.0,22451.0,22451.0,22463.0,22448.0
2025-03-10 12:40:00,空,22459.0,22466.0,22440.0,22441.0,22442.0,22470.0,22466.0,22466.0
2025-03-11 09:05:00,空,21779.0,21794.0,21661.0,21690.0,21779.0,21836.0,21794.0,21794.0
2025-03-11 09:40:00,多,21868.0,21898.0,21859.0,21892.0,21859.0,21859.0,21890.0,21755.0
2025-03-11 10:15:00,多,21961.0,22013.0,21945.0,22006.0,21945.0,21945.0,21993.0,21935.0
2025-03-11 10:45:00,空,21985.0,21990.0,21938.0,21948.0,21968.0,21995.0,21990.0,21990.0
2025-03-11 11:05:00,多,22021.0,22064.0,22005.0,22049.0,22005.0,22005.0,22033.0,21986.0
2025-03-11 11:20:00,空,22037.0,22037.0,21995.0,22003.0,22028.0,22042.0,22037.0,22037.0
2025-03-11 12:10:00,多,21999.0,22020.0,21992.0,22014.0,21992.0,21992.0,22008.0,21985.0
2025-03-12 09:35:00,多,22118.0,22173.0,22116.0,22163.0,22116.0,22116.0,22155.0,22106.0
2025-03-12 09:50:00,多,22204.0,22217.0,22201.0,22211.0,22201.0,22201.0,22207.0,22179.0
2025-03-12 10:40:00,多,22256.0,22297.0,22247.0,22286.0,22247.0,22247.0,22280.0,22238.0
2025-03-12 11:15:00,空,22318.0,22321.0,22278.0,22290.0,22314.0,22324.0,22321.0,22321.0
2025-03-12 12:00:00,空,22235.0,22236.0,22205.0,22208.0,22234.0,22264.0,22236.0,22236.0
2025-03-12 12:35:00,空,22201.0,22206.0,22180.0,22186.0,22190.0,22213.0,22206.0,22206.0
2025-03-12 13:25:00,多,22152.0,22182.0,22146.0,22173.0,22110.0,22148.0,22172.0,22144.0
2025-03-12 13:40:00,多,22216.0,22240.0,22204.0,22232.0,22204.0,22204.0,22217.0,22194.0
2025-03-13 09:30:00,空,22364.0,22370.0,22315.0,22337.0,22350.0,22405.0,22370.0,22370.0
2025-03-13 10:20:00,空,22310.0,22312.0,22294.0,22300.0,22305.0,22366.0,22312.0,22312.0
2025-03-13 10:50:00,空,22258.0,22263.0,22233.0,22237.0,22255.0,22285.0,22263.0,22263.0
2025-03-13 11:15:00,空,22189.0,22193.0,22151.0,22169.0,22178.0,22196.0,22193.0,22193.0
2025-03-13 12:05:00,多,22120.0,22143.0,22116.0,22134.0,22045.0,22150.0,22122.0,22107.0
2025-03-13 12:25:00,空,22105.0,22105.0,22062.0,22064.0,22103.0,22125.0,22105.0,22105.0
2025-03-13 13:05:00,空,21994.0,22003.0,21971.0,21971.0,21976.0,22037.0,22003.0,22003.0
2025-03-14 08:55:00,空,22060.0,22063.0,22020.0,22020.0,22048.0,22075.0,22063.0,22063.0
2025-03-14 09:30:00,空,21985.0,21987.0,21917.0,21941.0,21971.0,22000.0,21987.0,21987.0
2025-03-14 10:50:00,多,21949.0,21985.0,21947.0,21984.0,21874.0,21931.0,21966.0,21909.0
2025-03-14 11:20:00,多,21979.0,22005.0,21976.0,21995.0,21949.0,21961.0,21987.0,21973.0
2025-03-14 11:35:00,多,22009.0,22040.0,21997.0,22035.0,21997.0,21997.0,22010.0,21995.0
2025-03-14 12:10:00,空,21992.0,21999.0,21978.0,21980.0,21983.0,22022.0,21999.0,21999.0
2025-03-14 13:00:00,多,22017.0,22029.0,22009.0,22025.0,22009.0,22009.0,22020.0,21990.0
2025-03-14 13:25:00,空,21982.0,21985.0,21946.0,21955.0,21982.0,22009.0,21985.0,21985.0
2025-03-17 09:00:00,空,22173.0,22208.0,22136.0,22141.0,22171.0,22218.0,22208.0,22208.0
2025-03-17 09:45:00,多,22256.0,22295.0,22253.0,22290.0,22253.0,22253.0,22258.0,22196.0
2025-03-17 10:10:00,空,22215.0,22215.0,22155.0,22182.0,22205.0,22278.0,22215.0,22215.0
2025-03-17 10:30:00,多,22236.0,22257.0,22224.0,22256.0,22224.0,22224.0,22236.0,22191.0
2025-03-17 10:50:00,空,22240.0,22248.0,22225.0,22231.0,22237.0,22251.0,22248.0,22248.0
2025-03-17 13:00:00,空,22179.0,22185.0,22160.0,22160.0,22164.0,22227.0,22185.0,22185.0
2025-03-18 08:55:00,空,22323.0,22326.0,22293.0,22296.0,22323.0,22354.0,22326.0,22326.0
2025-03-18 09:40:00,空,22301.0,22309.0,22292.0,22296.0,22297.0,22330.0,22309.0,22309.0
2025-03-18 09:55:00,空,22258.0,22263.0,22223.0,22229.0,22253.0,22270.0,22263.0,22263.0
2025-03-18 10:25:00,空,22230.0,22236.0,22207.0,22208.0,22214.0,22242.0,22236.0,22236.0
2025-03-18 10:45:00,空,22205.0,22208.0,22193.0,22196.0,22204.0,22222.0,22208.0,22208.0
2025-03-18 11:55:00,多,22228.0,22248.0,22225.0,22244.0,22225.0,22225.0,22240.0,22205.0
2025-03-18 13:15:00,空,22226.0,22228.0,22216.0,22219.0,22225.0,22237.0,22228.0,22228.0
2025-03-19 10:00:00,空,22157.0,22158.0,22121.0,22130.0,22154.0,22203.0,22158.0,22158.0
2025-03-19 10:30:00,空,22093.0,22097.0,22060.0,22062.0,22088.0,22116.0,22097.0,22097.0
2025-03-19 11:20:00,空,22081.0,22085.0,22066.0,22068.0,22074.0,22100.0,22085.0,22085.0
2025-03-19 11:55:00,多,22069.0,22088.0,22067.0,22083.0,22067.0,22067.0,22075.0,22064.0
2025-03-19 12:15:00,空,22036.0,22037.0,22010.0,22018.0,22022.0,22062.0,22037.0,22037.0
2025-03-19 12:35:00,空,21990.0,21995.0,21964.0,21966.0,21988.0,22010.0,21995.0,21995.0
2025-03-20 09:00:00,多,22250.0,22292.0,22219.0,22285.0,22219.0,22219.0,22252.0,22218.0
2025-03-20 09:35:00,空,22284.0,22286.0,22244.0,22247.0,22272.0,22301.0,22286.0,22286.0
2025-03-20 11:00:00,多,22289.0,22316.0,22286.0,22312.0,22286.0,22286.0,22295.0,22262.0
2025-03-20 11:15:00,多,22353.0,22396.0,22351.0,22385.0,22351.0,22351.0,22363.0,22329.0
2025-03-20 12:35:00,空,22385.0,22385.0,22367.0,22375.0,22377.0,22391.0,22385.0,22385.0
2025-03-20 13:05:00,多,22386.0,22417.0,22384.0,22414.0,22384.0,22384.0,22400.0,22381.0
2025-03-20 13:35:00,空,22385.0,22385.0,22366.0,22372.0,22376.0,22397.0,22385.0,22385.0
2025-03-21 09:35:00,多,22304.0,22321.0,22300.0,22317.0,22254.0,22354.0,22310.0,22291.0
2025-03-21 11:35:00,多,22256.0,22265.0,22252.0,22261.0,22191.0,22241.0,22258.0,22227.0
2025-03-21 12:10:00,多,22268.0,22295.0,22266.0,22294.0,22266.0,22266.0,22269.0,22263.0
2025-03-21 12:50:00,空,22263.0,22263.0,22241.0,22248.0,22252.0,22282.0,22263.0,22263.0
2025-03-21 13:05:00,空,22214.0,22218.0,22197.0,22204.0,22209.0,22227.0,22218.0,22218.0
2025-03-24 09:15:00,空,22342.0,22345.0,22309.0,22315.0,22326.0,22349.0,22345.0,22345.0
2025-03-24 09:30:00,空,22270.0,22277.0,22252.0,22260.0,22265.0,22294.0,22277.0,22277.0
2025-03-24 10:55:00,空,22222.0,22222.0,22193.0,22198.0,22206.0,22257.0,22222.0,22222.0
2025-03-24 11:25:00,空,22187.0,22187.0,22151.0,22155.0,22183.0,22203.0,22187.0,22187.0
2025-03-24 12:30:00,多,22177.0,22186.0,22174.0,22186.0,22174.0,22174.0,22184.0,22159.0
2025-03-24 12:55:00,空,22166.0,22167.0,22156.0,22160.0,22161.0,22171.0,22167.0,22167.0
2025-03-25 09:40:00,多,22364.0,22425.0,22364.0,22423.0,22364.0,22364.0,22382.0,22359.0
2025-03-25 09:55:00,空,22373.0,22375.0,22311.0,22320.0,22368.0,22407.0,22375.0,22375.0
2025-03-25 10:45:00,空,22250.0,22251.0,22205.0,22211.0,22244.0,22294.0,22251.0,22251.0
2025-03-25 12:10:00,空,22268.0,22268.0,22238.0,22238.0,22252.0,22269.0,22268.0,22268.0
2025-03-25 12:30:00,多,22248.0,22269.0,22246.0,22264.0,22246.0,22246.0,22255.0,22234.0
2025-03-25 13:00:00,多,22296.0,22306.0,22293.0,22306.0,22293.0,22293.0,22303.0,22292.0
2025-03-26 10:05:00,空,22317.0,22327.0,22293.0,22295.0,22307.0,22369.0,22327.0,22327.0
2025-03-26 10:30:00,空,22274.0,22280.0,22253.0,22256.0,22258.0,22289.0,22280.0,22280.0
2025-03-26 10:55:00,多,22309.0,22332.0,22306.0,22327.0,22306.0,22306.0,22322.0,22277.0
2025-03-26 11:15:00,空,22302.0,22303.0,22281.0,22281.0,22299.0,22311.0,22303.0,22303.0
2025-03-26 12:55:00,多,22314.0,22346.0,22313.0,22332.0,22313.0,22313.0,22323.0,22290.0
2025-03-27 09:05:00,空,21985.0,21985.0,21918.0,21923.0,21960.0,22010.0,21985.0,21985.0
2025-03-27 11:10:00,空,21924.0,21925.0,21891.0,21902.0,21905.0,21948.0,21925.0,21925.0
2025-03-27 11:45:00,多,21932.0,21956.0,21922.0,21948.0,21922.0,21922.0,21941.0,21917.0
2025-03-27 12:20:00,多,21944.0,21965.0,21941.0,21959.0,21941.0,21941.0,21951.0,21932.0
2025-03-27 13:35:00,多,21959.0,21986.0,21959.0,21974.0,21959.0,21959.0,21969.0,21939.0
2025-03-28 09:55:00,空,21645.0,21648.0,21628.0,21629.0,21636.0,21756.0,21648.0,21648.0
2025-03-28 10:20:00,空,21614.0,21616.0,21584.0,21586.0,21613.0,21626.0,21616.0,21616.0
2025-03-28 11:20:00,空,21525.0,21531.0,21495.0,21501.0,21508.0,21572.0,21531.0,21531.0
2025-03-28 12:30:00,多,21526.0,21565.0,21526.0,21559.0,21526.0,21526.0,21554.0,21509.0
2025-03-28 13:00:00,多,21530.0,21583.0,21528.0,21576.0,21528.0,21528.0,21530.0,21519.0
2025-03-31 09:35:00,空,20967.0,20978.0,20925.0,20926.0,20956.0,20995.0,20978.0,20978.0
2025-03-31 10:10:00,空,20936.0,20941.0,20889.0,20892.0,20933.0,20951.0,20941.0,20941.0
2025-03-31 11:05:00,空,20831.0,20831.0,20790.0,20790.0,20810.0,20841.0,20831.0,20831.0
2025-03-31 11:50:00,空,20784.0,20797.0,20768.0,20769.0,20771.0,20811.0,20797.0,20797.0
2025-03-31 12:25:00,多,20774.0,20828.0,20769.0,20819.0,20769.0,20769.0,20781.0,20755.0
2025-03-31 13:00:00,空,20812.0,20825.0,20778.0,20788.0,20792.0,20830.0,20825.0,20825.0
2025-03-31 13:30:00,空,20784.0,20787.0,20739.0,20744.0,20780.0,20800.0,20787.0,20787.0
2025-04-01 09:20:00,多,21011.0,21040.0,20983.0,21028.0,20983.0,20983.0,21026.0,20945.0
2025-04-01 09:35:00,多,21054.0,21077.0,21047.0,21073.0,21047.0,21047.0,21068.0,21032.0
2025-04-01 10:15:00,多,21147.0,21178.0,21143.0,21174.0,21143.0,21143.0,21155.0,21122.0
2025-04-01 11:10:00,多,21171.0,21198.0,21167.0,21195.0,21167.0,21167.0,21176.0,21149.0
2025-04-01 13:00:00,多,21198.0,21230.0,21185.0,21227.0,21185.0,21185.0,21215.0,21182.0
2025-04-01 13:30:00,空,21224.0,21229.0,21188.0,21193.0,21204.0,21247.0,21229.0,21229.0
2025-04-02 10:05:00,空,21245.0,21253.0,21191.0,21202.0,21244.0,21312.0,21253.0,21253.0
2025-04-02 10:25:00,多,21245.0,21308.0,21242.0,21296.0,21242.0,21242.0,21254.0,21225.0
2025-04-02 12:55:00,多,21249.0,21272.0,21247.0,21271.0,21202.0,21260.0,21260.0,21235.0
2025-04-08 09:50:00,空,18503.0,18542.0,18445.0,18453.0,18456.0,18575.0,18542.0,18542.0
2025-04-08 10:40:00,空,18263.0,18264.0,18202.0,18210.0,18237.0,18397.0,18264.0,18264.0
2025-04-08 11:05:00,空,18133.0,18152.0,18106.0,18115.0,18132.0,18189.0,18152.0,18152.0
2025-04-09 09:10:00,多,18099.0,18286.0,18094.0,18255.0,18094.0,18094.0,18156.0,17959.0
2025-04-09 09:25:00,空,18049.0,18082.0,17941.0,17961.0,18024.0,18123.0,18082.0,18082.0
2025-04-09 10:50:00,空,17911.0,17925.0,17854.0,17863.0,17904.0,17957.0,17925.0,17925.0
2025-04-09 11:10:00,空,17751.0,17768.0,17632.0,17637.0,17682.0,17783.0,17768.0,17768.0
2025-04-09 12:05:00,空,17486.0,17503.0,17336.0,17336.0,17403.0,17523.0,17503.0,17503.0
2025-04-09 12:35:00,空,17248.0,17272.0,17160.0,17165.0,17213.0,17312.0,17272.0,17272.0
2025-04-09 13:15:00,多,17255.0,17330.0,17250.0,17305.0,17139.0,17286.0,17275.0,17225.0
2025-04-11 09:15:00,多,18701.0,18887.0,18675.0,18862.0,18675.0,18675.0,18736.0,18618.0
2025-04-11 09:40:00,多,18976.0,19084.0,18970.0,19051.0,18970.0,18970.0,19015.0,18898.0
2025-04-11 10:20:00,多,19173.0,19239.0,19167.0,19210.0,19167.0,19167.0,19183.0,19045.0
2025-04-11 11:20:00,多,19259.0,19303.0,19227.0,19296.0,19131.0,19203.0,19285.0,19219.0
2025-04-11 12:40:00,多,19319.0,19365.0,19318.0,19351.0,19318.0,19318.0,19336.0,19270.0
2025-04-11 13:10:00,多,19376.0,19440.0,19372.0,19434.0,19372.0,19372.0,19385.0,19326.0
2025-04-11 13:25:00,多,19490.0,19533.0,19480.0,19521.0,19480.0,19480.0,19499.0,19467.0
2025-04-14 09:05:00,多,19872.0,19957.0,19869.0,19945.0,19869.0,19869.0,19898.0,19748.0
2025-04-14 09:20:00,空,19717.0,19795.0,19630.0,19636.0,19707.0,19907.0,19795.0,19795.0
2025-04-14 10:30:00,多,19648.0,19740.0,19643.0,19707.0,19581.0,19676.0,19667.0,19628.0
2025-04-14 11:50:00,空,19649.0,19659.0,19614.0,19625.0,19626.0,19730.0,19659.0,19659.0
2025-04-14 12:05:00,空,19608.0,19619.0,19565.0,19573.0,19598.0,19625.0,19619.0,19619.0
2025-04-14 12:40:00,空,19527.0,19528.0,19474.0,19484.0,19488.0,19559.0,19528.0,19528.0
2025-04-15 10:00:00,多,19656.0,19684.0,19642.0,19681.0,19642.0,19642.0,19675.0,19572.0
2025-04-15 10:45:00,多,19760.0,19779.0,19755.0,19772.0,19755.0,19755.0,19769.0,19725.0
2025-04-15 11:25:00,多,19784.0,19822.0,19779.0,19820.0,19779.0,19779.0,19791.0,19773.0
2025-04-15 12:40:00,多,19806.0,19818.0,19796.0,19814.0,19766.0,19796.0,19813.0,19789.0
2025-04-16 10:05:00,空,19597.0,19603.0,19526.0,19534.0,19588.0,19630.0,19603.0,19603.0
2025-04-16 10:50:00,空,19497.0,19500.0,19460.0,19468.0,19470.0,19506.0,19500.0,19500.0
2025-04-16 11:45:00,空,19486.0,19487.0,19460.0,19460.0,19467.0,19489.0,19487.0,19487.0
2025-04-16 12:15:00,多,19497.0,19539.0,19491.0,19537.0,19491.0,19491.0,19505.0,19479.0
2025-04-17 09:20:00,多,19262.0,19314.0,19262.0,19310.0,19189.0,19298.0,19268.0,19257.0
2025-04-17 09:35:00,空,19213.0,19224.0,19172.0,19180.0,19210.0,19257.0,19224.0,19224.0
2025-04-17 10:20:00,多,19234.0,19284.0,19223.0,19272.0,19223.0,19223.0,19243.0,19158.0
2025-04-17 11:00:00,多,19309.0,19358.0,19306.0,19355.0,19306.0,19306.0,19325.0,19299.0
2025-04-17 11:35:00,空,19330.0,19340.0,19317.0,19320.0,19328.0,19368.0,19340.0,19340.0
2025-04-17 12:35:00,空,19282.0,19284.0,19252.0,19265.0,19270.0,19316.0,19284.0,19284.0
2025-04-17 13:40:00,多,19360.0,19377.0,19350.0,19369.0,19350.0,19350.0,19368.0,19305.0
2025-04-18 10:30:00,多,19398.0,19431.0,19393.0,19417.0,19393.0,19393.0,19415.0,19325.0
2025-04-18 11:15:00,空,19397.0,19399.0,19373.0,19380.0,19394.0,19412.0,19399.0,19399.0
2025-04-18 11:45:00,空,19339.0,19342.0,19305.0,19308.0,19336.0,19348.0,19342.0,19342.0
2025-04-18 12:20:00,多,19329.0,19346.0,19327.0,19343.0,19327.0,19327.0,19339.0,19323.0
2025-04-21 09:05:00,空,19218.0,19221.0,19178.0,19187.0,19207.0,19225.0,19221.0,19221.0
2025-04-21 10:00:00,多,19149.0,19180.0,19143.0,19174.0,19056.0,19134.0,19158.0,19128.0
2025-04-21 10:35:00,空,19141.0,19146.0,19078.0,19081.0,19130.0,19159.0,19146.0,19146.0
2025-04-21 11:05:00,空,19053.0,19060.0,19045.0,19047.0,19052.0,19064.0,19060.0,19060.0
2025-04-21 11:25:00,多,19067.0,19078.0,19064.0,19076.0,19064.0,19064.0,19074.0,19059.0
2025-04-21 13:10:00,空,19082.0,19083.0,19065.0,19069.0,19070.0,19085.0,19083.0,19083.0
2025-04-21 13:40:00,多,19072.0,19106.0,19069.0,19099.0,19069.0,19069.0,19091.0,19064.0
2025-04-22 08:55:00,空,18924.0,18932.0,18898.0,18898.0,18917.0,18933.0,18932.0,18932.0
2025-04-22 09:20:00,多,18983.0,19024.0,18983.0,19015.0,18983.0,18983.0,18992.0,18911.0
2025-04-22 10:25:00,空,18970.0,18973.0,18945.0,18949.0,18962.0,19000.0,18973.0,18973.0
2025-04-22 11:05:00,空,18841.0,18846.0,18815.0,18820.0,18830.0,18916.0,18846.0,18846.0
2025-04-22 13:10:00,空,18809.0,18813.0,18779.0,18783.0,18797.0,18851.0,18813.0,18813.0
2025-04-23 09:00:00,多,19242.0,19337.0,19217.0,19331.0,19217.0,19217.0,19245.0,19206.0
2025-04-23 09:25:00,多,19386.0,19449.0,19386.0,19439.0,19386.0,19386.0,19422.0,19350.0
2025-04-23 10:05:00,多,19385.0,19450.0,19385.0,19435.0,19385.0,19385.0,19393.0,19374.0
2025-04-23 10:30:00,多,19454.0,19470.0,19445.0,19463.0,19445.0,19445.0,19460.0,19442.0
2025-04-23 12:05:00,多,19526.0,19546.0,19520.0,19542.0,19520.0,19520.0,19530.0,19503.0
2025-04-23 12:25:00,多,19554.0,19569.0,19551.0,19563.0,19551.0,19551.0,19554.0,19544.0
2025-04-23 13:10:00,空,19569.0,19569.0,19539.0,19539.0,19564.0,19577.0,19569.0,19569.0
2025-04-24 09:20:00,空,19591.0,19591.0,19525.0,19526.0,19585.0,19611.0,19591.0,19591.0
2025-04-24 09:55:00,空,19541.0,19562.0,19531.0,19532.0,19542.0,19569.0,19562.0,19562.0
2025-04-24 10:40:00,空,19525.0,19527.0,19504.0,19510.0,19521.0,19541.0,19527.0,19527.0
2025-04-24 12:15:00,空,19472.0,19477.0,19436.0,19437.0,19473.0,19496.0,19477.0,19477.0
2025-04-24 13:35:00,多,19451.0,19475.0,19451.0,19473.0,19451.0,19451.0,19464.0,19435.0
2025-04-25 09:15:00,空,19936.0,19948.0,19903.0,19906.0,19926.0,19965.0,19948.0,19948.0
2025-04-25 09:40:00,多,19944.0,19977.0,19943.0,19970.0,19943.0,19943.0,19953.0,19910.0
2025-04-25 10:45:00,空,19902.0,19905.0,19864.0,19880.0,19887.0,19917.0,19905.0,19905.0
2025-04-25 12:00:00,多,19892.0,19925.0,19884.0,19921.0,19884.0,19884.0,19907.0,19875.0
2025-04-25 12:25:00,空,19925.0,19928.0,19893.0,19896.0,19920.0,19936.0,19928.0,19928.0
2025-04-28 10:55:00,空,19965.0,19965.0,19944.0,19944.0,19955.0,20024.0,19965.0,19965.0
2025-04-28 12:05:00,多,19979.0,19996.0,19979.0,19990.0,19979.0,19979.0,19984.0,19973.0
2025-04-29 09:30:00,空,19991.0,19996.0,19963.0,19969.0,19987.0,20012.0,19996.0,19996.0
2025-04-29 09:55:00,多,20000.0,20029.0,20000.0,20029.0,20000.0,20000.0,20022.0,19985.0
2025-04-29 10:45:00,空,20155.0,20160.0,20111.0,20113.0,20155.0,20167.0,20160.0,20160.0
2025-04-29 11:50:00,多,20142.0,20163.0,20141.0,20157.0,20141.0,20141.0,20149.0,20130.0
2025-04-30 09:10:00,多,20139.0,20163.0,20127.0,20155.0,20127.0,20127.0,20144.0,20108.0
2025-04-30 10:05:00,多,20166.0,20225.0,20158.0,20219.0,20158.0,20158.0,20183.0,20151.0
2025-04-30 10:40:00,空,20212.0,20214.0,20190.0,20195.0,20200.0,20215.0,20214.0,20214.0
2025-04-30 11:05:00,空,20132.0,20133.0,20099.0,20100.0,20123.0,20175.0,20133.0,20133.0
2025-04-30 12:30:00,空,20127.0,20130.0,20112.0,20116.0,20118.0,20134.0,20130.0,20130.0
2025-04-30 13:05:00,多,20142.0,20152.0,20133.0,20152.0,20133.0,20133.0,20145.0,20116.0
2025-04-30 13:30:00,多,20155.0,20170.0,20149.0,20166.0,20149.0,20149.0,20154.0,20145.0
2025-05-02 08:55:00,多,20542.0,20561.0,20524.0,20552.0,20524.0,20524.0,20542.0,20523.0
2025-05-02 10:05:00,多,20545.0,20598.0,20541.0,20574.0,20541.0,20541.0,20555.0,20530.0
2025-05-02 10:40:00,多,20624.0,20647.0,20614.0,20639.0,20614.0,20614.0,20630.0,20605.0
2025-05-02 11:35:00,多,20657.0,20672.0,20656.0,20670.0,20656.0,20656.0,20667.0,20641.0
2025-05-02 13:15:00,多,20681.0,20696.0,20675.0,20692.0,20675.0,20675.0,20682.0,20664.0
2025-05-05 09:05:00,空,20733.0,20736.0,20586.0,20597.0,20714.0,20762.0,20736.0,20736.0
2025-05-05 09:30:00,空,20558.0,20565.0,20487.0,20513.0,20548.0,20616.0,20565.0,20565.0
2025-05-05 10:05:00,空,20330.0,20337.0,20262.0,20272.0,20292.0,20416.0,20337.0,20337.0
2025-05-05 11:00:00,多,20311.0,20334.0,20309.0,20331.0,20206.0,20302.0,20323.0,20273.0
2025-05-05 11:30:00,多,20377.0,20430.0,20360.0,20425.0,20360.0,20360.0,20403.0,20329.0
2025-05-05 12:10:00,多,20423.0,20470.0,20421.0,20460.0,20421.0,20421.0,20458.0,20407.0
2025-05-05 12:55:00,空,20422.0,20431.0,20396.0,20405.0,20422.0,20458.0,20431.0,20431.0
2025-05-06 09:20:00,多,20298.0,20396.0,20298.0,20365.0,20298.0,20298.0,20321.0,20220.0
2025-05-06 09:45:00,空,20327.0,20347.0,20292.0,20295.0,20322.0,20350.0,20347.0,20347.0
2025-05-06 10:35:00,多,20400.0,20448.0,20383.0,20442.0,20383.0,20383.0,20429.0,20355.0
2025-05-06 11:30:00,多,20438.0,20483.0,20436.0,20473.0,20436.0,20436.0,20449.0,20412.0
2025-05-06 12:10:00,空,20441.0,20450.0,20420.0,20424.0,20425.0,20463.0,20450.0,20450.0
2025-05-06 13:10:00,空,20372.0,20383.0,20347.0,20348.0,20355.0,20416.0,20383.0,20383.0
2025-05-07 09:10:00,空,20460.0,20484.0,20410.0,20426.0,20451.0,20497.0,20484.0,20484.0
2025-05-07 09:30:00,空,20366.0,20368.0,20280.0,20287.0,20358.0,20397.0,20368.0,20368.0
2025-05-07 09:50:00,多,20323.0,20385.0,20310.0,20379.0,20310.0,20310.0,20332.0,20302.0
2025-05-07 10:50:00,空,20330.0,20335.0,20310.0,20311.0,20322.0,20365.0,20335.0,20335.0
2025-05-07 12:10:00,多,20378.0,20404.0,20375.0,20393.0,20375.0,20375.0,20388.0,20336.0
2025-05-07 12:30:00,空,20380.0,20385.0,20366.0,20372.0,20373.0,20386.0,20385.0,20385.0
2025-05-07 13:15:00,多,20375.0,20392.0,20366.0,20388.0,20366.0,20366.0,20375.0,20354.0
2025-05-08 09:05:00,多,20522.0,20611.0,20520.0,20601.0,20520.0,20520.0,20569.0,20497.0
2025-05-08 09:50:00,空,20563.0,20576.0,20507.0,20511.0,20530.0,20589.0,20576.0,20576.0
2025-05-08 10:30:00,多,20558.0,20577.0,20555.0,20572.0,20555.0,20555.0,20562.0,20532.0
2025-05-08 10:55:00,多,20597.0,20615.0,20589.0,20615.0,20589.0,20589.0,20604.0,20586.0
2025-05-08 11:15:00,多,20666.0,20695.0,20664.0,20688.0,20664.0,20664.0,20677.0,20662.0
2025-05-08 11:35:00,空,20672.0,20672.0,20651.0,20651.0,20670.0,20673.0,20672.0,20672.0
2025-05-08 13:25:00,空,20635.0,20640.0,20596.0,20598.0,20623.0,20653.0,20640.0,20640.0
2025-05-09 09:30:00,空,20658.0,20658.0,20626.0,20638.0,20652.0,20673.0,20658.0,20658.0
2025-05-09 10:25:00,多,20667.0,20700.0,20665.0,20697.0,20665.0,20665.0,20674.0,20646.0
2025-05-09 11:30:00,多,20769.0,20782.0,20759.0,20782.0,20759.0,20759.0,20775.0,20734.0
2025-05-09 12:00:00,多,20817.0,20836.0,20816.0,20833.0,20816.0,20816.0,20830.0,20775.0
2025-05-12 10:55:00,空,21091.0,21091.0,21065.0,21074.0,21088.0,21101.0,21091.0,21091.0
2025-05-12 11:25:00,空,21048.0,21052.0,21011.0,21011.0,21033.0,21058.0,21052.0,21052.0
2025-05-12 11:55:00,多,21034.0,21043.0,21025.0,21041.0,21025.0,21025.0,21038.0,21018.0
2025-05-12 12:25:00,多,21058.0,21068.0,21055.0,21067.0,21055.0,21055.0,21063.0,21044.0
2025-05-12 13:20:00,多,21058.0,21067.0,21054.0,21065.0,21038.0,21046.0,21062.0,21052.0
2025-05-13 08:55:00,多,21484.0,21500.0,21473.0,21498.0,21473.0,21473.0,21489.0,21455.0
2025-05-13 10:10:00,空,21422.0,21424.0,21382.0,21382.0,21411.0,21455.0,21424.0,21424.0
2025-05-13 11:05:00,空,21333.0,21337.0,21300.0,21311.0,21326.0,21355.0,21337.0,21337.0
2025-05-13 11:20:00,多,21330.0,21347.0,21330.0,21342.0,21330.0,21330.0,21336.0,21325.0
2025-05-14 10:25:00,空,21672.0,21674.0,21605.0,21614.0,21646.0,21678.0,21674.0,21674.0
2025-05-14 11:00:00,多,21625.0,21650.0,21624.0,21645.0,21624.0,21624.0,21627.0,21604.0
2025-05-14 11:55:00,多,21680.0,21696.0,21680.0,21695.0,21680.0,21680.0,21691.0,21662.0
2025-05-14 12:25:00,多,21718.0,21757.0,21716.0,21746.0,21716.0,21716.0,21734.0,21698.0
2025-05-15 09:25:00,空,21705.0,21712.0,21690.0,21691.0,21700.0,21745.0,21712.0,21712.0
2025-05-15 09:45:00,多,21722.0,21747.0,21719.0,21744.0,21719.0,21719.0,21737.0,21712.0
2025-05-15 10:55:00,多,21766.0,21802.0,21766.0,21790.0,21766.0,21766.0,21782.0,21738.0
2025-05-15 13:00:00,空,21761.0,21767.0,21748.0,21749.0,21750.0,21786.0,21767.0,21767.0
2025-05-15 13:25:00,空,21721.0,21727.0,21709.0,21712.0,21716.0,21741.0,21727.0,21727.0
2025-05-16 09:30:00,多,21732.0,21745.0,21727.0,21740.0,21679.0,21731.0,21736.0,21719.0
2025-05-16 10:35:00,多,21844.0,21878.0,21844.0,21866.0,21844.0,21844.0,21859.0,21810.0
2025-05-16 11:15:00,空,21818.0,21829.0,21792.0,21797.0,21808.0,21841.0,21829.0,21829.0
2025-05-16 12:30:00,多,21806.0,21822.0,21806.0,21820.0,21806.0,21806.0,21816.0,21801.0
2025-05-16 13:25:00,多,21833.0,21844.0,21828.0,21844.0,21828.0,21828.0,21837.0,21820.0
2025-05-19 10:40:00,多,21665.0,21707.0,21658.0,21696.0,21615.0,21684.0,21694.0,21651.0
2025-05-19 11:10:00,空,21672.0,21673.0,21647.0,21648.0,21665.0,21687.0,21673.0,21673.0
2025-05-19 11:30:00,空,21642.0,21644.0,21571.0,21577.0,21639.0,21649.0,21644.0,21644.0
2025-05-19 12:45:00,空,21536.0,21541.0,21522.0,21524.0,21525.0,21573.0,21541.0,21541.0
2025-05-20 08:55:00,空,21735.0,21738.0,21720.0,21722.0,21733.0,21739.0,21738.0,21738.0
2025-05-20 09:20:00,空,21672.0,21676.0,21641.0,21653.0,21656.0,21692.0,21676.0,21676.0
2025-05-20 10:15:00,空,21645.0,21645.0,21573.0,21585.0,21614.0,21647.0,21645.0,21645.0
2025-05-20 11:10:00,空,21592.0,21598.0,21542.0,21543.0,21590.0,21618.0,21598.0,21598.0
2025-05-20 12:10:00,空,21539.0,21539.0,21508.0,21523.0,21537.0,21548.0,21539.0,21539.0
2025-05-20 13:00:00,多,21529.0,21546.0,21524.0,21545.0,21524.0,21524.0,21542.0,21522.0
2025-05-21 09:10:00,多,21638.0,21688.0,21631.0,21684.0,21631.0,21631.0,21651.0,21609.0
2025-05-21 10:40:00,多,21669.0,21717.0,21669.0,21716.0,21669.0,21669.0,21680.0,21650.0
2025-05-21 12:35:00,多,21784.0,21802.0,21781.0,21795.0,21781.0,21781.0,21788.0,21734.0
2025-05-21 13:00:00,多,21815.0,21842.0,21807.0,21832.0,21807.0,21807.0,21816.0,21803.0
2025-05-22 09:50:00,空,21459.0,21471.0,21433.0,21437.0,21446.0,21514.0,21471.0,21471.0
2025-05-22 10:15:00,多,21438.0,21447.0,21432.0,21446.0,21432.0,21432.0,21443.0,21427.0
2025-05-22 10:55:00,空,21428.0,21429.0,21412.0,21417.0,21426.0,21440.0,21429.0,21429.0
2025-05-22 11:30:00,多,21465.0,21488.0,21462.0,21482.0,21462.0,21462.0,21472.0,21440.0
2025-05-22 12:05:00,空,21471.0,21475.0,21461.0,21465.0,21468.0,21483.0,21475.0,21475.0
2025-05-22 12:30:00,多,21479.0,21514.0,21475.0,21508.0,21475.0,21475.0,21482.0,21464.0
2025-05-22 12:45:00,空,21485.0,21487.0,21472.0,21478.0,21479.0,21488.0,21487.0,21487.0
2025-05-22 13:30:00,多,21498.0,21510.0,21494.0,21506.0,21494.0,21494.0,21503.0,21486.0
2025-05-23 09:20:00,空,21560.0,21564.0,21512.0,21522.0,21545.0,21580.0,21564.0,21564.0
2025-05-23 09:55:00,空,21482.0,21484.0,21450.0,21463.0,21473.0,21515.0,21484.0,21484.0
2025-05-23 10:20:00,多,21484.0,21505.0,21484.0,21496.0,21484.0,21484.0,21495.0,21461.0
2025-05-23 12:00:00,空,21460.0,21460.0,21426.0,21439.0,21452.0,21476.0,21460.0,21460.0
2025-05-23 12:25:00,空,21416.0,21416.0,21383.0,21390.0,21412.0,21438.0,21416.0,21416.0
2025-05-23 13:20:00,多,21428.0,21454.0,21424.0,21448.0,21424.0,21424.0,21433.0,21405.0
2025-05-26 09:30:00,空,21397.0,21403.0,21370.0,21372.0,21388.0,21445.0,21403.0,21403.0
2025-05-26 10:00:00,多,21435.0,21480.0,21425.0,21468.0,21425.0,21425.0,21440.0,21408.0
2025-05-26 10:35:00,空,21428.0,21437.0,21413.0,21418.0,21425.0,21445.0,21437.0,21437.0
2025-05-26 12:30:00,多,21411.0,21431.0,21409.0,21423.0,21381.0,21434.0,21417.0,21395.0
2025-05-26 12:50:00,空,21420.0,21422.0,21406.0,21412.0,21418.0,21430.0,21422.0,21422.0
2025-05-26 13:20:00,空,21399.0,21400.0,21384.0,21387.0,21395.0,21402.0,21400.0,21400.0
2025-05-27 09:00:00,空,21390.0,21401.0,21280.0,21303.0,21389.0,21417.0,21401.0,21401.0
2025-05-27 09:50:00,空,21310.0,21313.0,21251.0,21255.0,21295.0,21336.0,21313.0,21313.0
2025-05-27 11:55:00,空,21186.0,21186.0,21158.0,21160.0,21166.0,21191.0,21186.0,21186.0
2025-05-27 13:25:00,多,21175.0,21210.0,21173.0,21210.0,21173.0,21173.0,21195.0,21164.0
2025-05-28 09:30:00,空,21411.0,21415.0,21365.0,21375.0,21411.0,21446.0,21415.0,21415.0
2025-05-28 10:20:00,空,21322.0,21322.0,21274.0,21278.0,21304.0,21345.0,21322.0,21322.0
2025-05-28 11:30:00,空,21295.0,21297.0,21257.0,21258.0,21286.0,21312.0,21297.0,21297.0
2025-05-28 11:45:00,空,21228.0,21238.0,21218.0,21218.0,21220.0,21242.0,21238.0,21238.0
2025-05-28 12:30:00,空,21206.0,21209.0,21178.0,21182.0,21194.0,21221.0,21209.0,21209.0
2025-05-28 13:10:00,多,21224.0,21236.0,21221.0,21236.0,21221.0,21221.0,21227.0,21198.0
2025-05-29 09:05:00,空,21464.0,21485.0,21402.0,21423.0,21443.0,21583.0,21485.0,21485.0
2025-05-29 11:20:00,多,21352.0,21388.0,21350.0,21387.0,21311.0,21370.0,21383.0,21333.0
2025-05-29 11:40:00,空,21369.0,21370.0,21344.0,21348.0,21365.0,21376.0,21370.0,21370.0
2025-05-29 13:05:00,空,21300.0,21304.0,21275.0,21287.0,21294.0,21333.0,21304.0,21304.0
2025-06-02 09:25:00,空,20916.0,20936.0,20892.0,20892.0,20911.0,20958.0,20936.0,20936.0
2025-06-02 10:40:00,空,20876.0,20876.0,20852.0,20857.0,20860.0,20897.0,20876.0,20876.0
2025-06-02 11:05:00,空,20821.0,20822.0,20797.0,20808.0,20816.0,20841.0,20822.0,20822.0
2025-06-02 11:30:00,空,20804.0,20810.0,20790.0,20792.0,20796.0,20814.0,20810.0,20810.0
2025-06-02 12:10:00,多,20819.0,20839.0,20816.0,20834.0,20816.0,20816.0,20830.0,20812.0
2025-06-02 13:00:00,多,20844.0,20875.0,20844.0,20862.0,20844.0,20844.0,20848.0,20834.0
2025-06-02 13:20:00,空,20868.0,20868.0,20845.0,20854.0,20862.0,20871.0,20868.0,20868.0
2025-06-03 09:10:00,多,21111.0,21145.0,21104.0,21141.0,21104.0,21104.0,21138.0,21072.0
2025-06-03 10:00:00,空,21183.0,21191.0,21135.0,21147.0,21178.0,21194.0,21191.0,21191.0
2025-06-03 10:35:00,空,20994.0,21016.0,20966.0,20971.0,20980.0,21070.0,21016.0,21016.0
2025-06-03 11:40:00,多,21014.0,21034.0,21013.0,21032.0,21013.0,21013.0,21026.0,20980.0
2025-06-03 13:25:00,空,20982.0,20984.0,20965.0,20966.0,20970.0,21010.0,20984.0,20984.0
2025-06-04 09:10:00,多,21346.0,21383.0,21338.0,21375.0,21338.0,21338.0,21354.0,21325.0
2025-06-04 09:25:00,多,21433.0,21449.0,21426.0,21447.0,21426.0,21426.0,21434.0,21395.0
2025-06-04 10:10:00,多,21469.0,21484.0,21460.0,21481.0,21460.0,21460.0,21471.0,21452.0
2025-06-04 10:25:00,多,21502.0,21518.0,21501.0,21517.0,21501.0,21501.0,21505.0,21481.0
2025-06-04 11:45:00,空,21510.0,21511.0,21473.0,21473.0,21502.0,21512.0,21511.0,21511.0
2025-06-04 12:15:00,多,21503.0,21518.0,21500.0,21512.0,21500.0,21500.0,21505.0,21488.0
2025-06-05 09:40:00,多,21627.0,21652.0,21626.0,21651.0,21626.0,21626.0,21640.0,21577.0
2025-06-05 10:05:00,空,21629.0,21629.0,21556.0,21577.0,21625.0,21647.0,21629.0,21629.0
2025-06-05 11:25:00,多,21556.0,21574.0,21552.0,21569.0,21512.0,21565.0,21562.0,21550.0
2025-06-05 12:30:00,空,21547.0,21549.0,21535.0,21539.0,21540.0,21557.0,21549.0,21549.0
2025-06-06 10:05:00,空,21535.0,21550.0,21520.0,21520.0,21524.0,21582.0,21550.0,21550.0
2025-06-06 13:00:00,多,21576.0,21594.0,21574.0,21588.0,21574.0,21574.0,21584.0,21550.0
2025-06-09 09:25:00,空,21706.0,21706.0,21659.0,21660.0,21686.0,21730.0,21706.0,21706.0
2025-06-09 10:35:00,多,21662.0,21710.0,21659.0,21710.0,21659.0,21659.0,21665.0,21656.0
2025-06-09 11:25:00,空,21685.0,21689.0,21663.0,21671.0,21685.0,21707.0,21689.0,21689.0
2025-06-09 11:40:00,多,21706.0,21714.0,21699.0,21713.0,21699.0,21699.0,21706.0,21690.0
2025-06-09 12:00:00,多,21724.0,21737.0,21724.0,21733.0,21724.0,21724.0,21724.0,21714.0
2025-06-09 12:50:00,空,21710.0,21711.0,21692.0,21695.0,21701.0,21715.0,21711.0,21711.0
2025-06-10 09:05:00,多,21892.0,21931.0,21892.0,21925.0,21892.0,21892.0,21900.0,21885.0
2025-06-10 09:25:00,多,21952.0,22013.0,21952.0,22008.0,21952.0,21952.0,21953.0,21929.0
2025-06-10 09:45:00,多,22099.0,22129.0,22079.0,22124.0,22079.0,22079.0,22108.0,22058.0
2025-06-10 10:20:00,多,22136.0,22160.0,22136.0,22155.0,22136.0,22136.0,22147.0,22135.0
2025-06-10 10:40:00,多,22162.0,22203.0,22162.0,22191.0,22162.0,22162.0,22164.0,22158.0
2025-06-10 13:05:00,多,22224.0,22236.0,22219.0,22232.0,22219.0,22219.0,22226.0,22214.0
2025-06-10 13:20:00,空,22200.0,22203.0,22158.0,22166.0,22193.0,22217.0,22203.0,22203.0
2025-06-11 10:45:00,多,22233.0,22253.0,22232.0,22248.0,22190.0,22237.0,22244.0,22220.0
2025-06-11 11:15:00,多,22283.0,22303.0,22280.0,22297.0,22280.0,22280.0,22285.0,22266.0
2025-06-11 13:25:00,多,22324.0,22335.0,22316.0,22335.0,22290.0,22331.0,22332.0,22304.0
2025-06-12 11:10:00,多,22250.0,22259.0,22247.0,22259.0,22214.0,22288.0,22253.0,22245.0
2025-06-12 11:55:00,空,22259.0,22260.0,22247.0,22252.0,22253.0,22267.0,22260.0,22260.0
2025-06-12 12:10:00,空,22245.0,22248.0,22239.0,22240.0,22244.0,22250.0,22248.0,22248.0
2025-06-12 12:30:00,空,22243.0,22244.0,22236.0,22239.0,22242.0,22253.0,22244.0,22244.0
2025-06-12 13:35:00,多,22260.0,22266.0,22257.0,22264.0,22257.0,22257.0,22262.0,22249.0
2025-06-13 09:35:00,多,21973.0,22064.0,21971.0,22039.0,21971.0,21971.0,21980.0,21946.0
2025-06-13 09:50:00,多,22083.0,22113.0,22075.0,22112.0,22075.0,22075.0,22095.0,22055.0
2025-06-13 10:20:00,空,22094.0,22103.0,22061.0,22065.0,22090.0,22109.0,22103.0,22103.0
2025-06-13 10:40:00,空,21996.0,21998.0,21936.0,21954.0,21984.0,22047.0,21998.0,21998.0
2025-06-13 11:15:00,多,22036.0,22057.0,22027.0,22054.0,22027.0,22027.0,22044.0,22006.0
2025-06-13 12:05:00,空,22025.0,22029.0,22016.0,22016.0,22022.0,22049.0,22029.0,22029.0
2025-06-13 13:10:00,空,21982.0,21998.0,21968.0,21974.0,21978.0,22007.0,21998.0,21998.0
2025-06-16 13:00:00,多,21982.0,21996.0,21978.0,21991.0,21868.0,21981.0,21987.0,21940.0
2025-06-16 13:20:00,多,22026.0,22042.0,22025.0,22040.0,22025.0,22025.0,22030.0,22005.0
2025-06-17 09:15:00,空,22178.0,22178.0,22146.0,22153.0,22165.0,22213.0,22178.0,22178.0
2025-06-17 10:10:00,空,22171.0,22173.0,22088.0,22095.0,22170.0,22223.0,22173.0,22173.0
2025-06-17 10:50:00,多,22110.0,22143.0,22110.0,22142.0,22110.0,22110.0,22112.0,22092.0
2025-06-17 13:40:00,多,22146.0,22170.0,22144.0,22159.0,22144.0,22144.0,22158.0,22101.0
2025-06-18 09:05:00,多,22163.0,22234.0,22158.0,22213.0,22158.0,22158.0,22170.0,22122.0
2025-06-18 10:20:00,多,22234.0,22300.0,22231.0,22295.0,22231.0,22231.0,22253.0,22222.0
2025-06-18 11:20:00,多,22350.0,22373.0,22345.0,22373.0,22345.0,22345.0,22365.0,22314.0
2025-06-18 12:30:00,空,22332.0,22333.0,22290.0,22305.0,22310.0,22372.0,22333.0,22333.0
2025-06-19 09:35:00,空,21734.0,21750.0,21714.0,21716.0,21725.0,21771.0,21750.0,21750.0
2025-06-19 10:25:00,空,21719.0,21723.0,21696.0,21698.0,21711.0,21728.0,21723.0,21723.0
2025-06-19 11:00:00,多,21696.0,21723.0,21694.0,21720.0,21675.0,21682.0,21696.0,21693.0
2025-06-19 13:00:00,空,21719.0,21722.0,21686.0,21693.0,21698.0,21731.0,21722.0,21722.0
2025-06-20 09:25:00,空,21607.0,21608.0,21567.0,21572.0,21601.0,21662.0,21608.0,21608.0
2025-06-20 09:45:00,空,21517.0,21530.0,21500.0,21504.0,21505.0,21538.0,21530.0,21530.0
2025-06-20 11:25:00,多,21556.0,21578.0,21554.0,21578.0,21554.0,21554.0,21567.0,21535.0
2025-06-20 11:50:00,多,21618.0,21641.0,21610.0,21635.0,21610.0,21610.0,21624.0,21595.0
2025-06-23 11:30:00,多,21379.0,21426.0,21379.0,21418.0,21379.0,21379.0,21406.0,21309.0
2025-06-23 12:15:00,多,21411.0,21428.0,21409.0,21425.0,21382.0,21400.0,21413.0,21405.0
2025-06-23 13:00:00,多,21425.0,21433.0,21410.0,21430.0,21387.0,21419.0,21427.0,21404.0
2025-06-24 09:05:00,多,21838.0,21928.0,21838.0,21910.0,21838.0,21838.0,21848.0,21830.0
2025-06-24 11:10:00,多,21876.0,21895.0,21876.0,21889.0,21810.0,21872.0,21884.0,21839.0
2025-06-24 12:00:00,空,21915.0,21916.0,21895.0,21899.0,21913.0,21926.0,21916.0,21916.0
2025-06-24 12:35:00,多,21897.0,21919.0,21897.0,21919.0,21897.0,21897.0,21905.0,21884.0
2025-06-24 13:40:00,多,21930.0,21966.0,21928.0,21959.0,21928.0,21928.0,21933.0,21917.0
2025-06-25 09:15:00,空,22079.0,22085.0,22035.0,22043.0,22055.0,22096.0,22085.0,22085.0
2025-06-25 11:30:00,多,22108.0,22126.0,22106.0,22126.0,22106.0,22106.0,22121.0,22068.0
2025-06-25 12:00:00,空,22110.0,22113.0,22082.0,22088.0,22105.0,22118.0,22113.0,22113.0
2025-06-25 12:55:00,多,22107.0,22120.0,22101.0,22120.0,22101.0,22101.0,22118.0,22097.0
2025-06-25 13:40:00,多,22149.0,22168.0,22149.0,22159.0,22149.0,22149.0,22156.0,22132.0
2025-06-26 09:45:00,空,22174.0,22184.0,22153.0,22159.0,22166.0,22192.0,22184.0,22184.0
2025-06-26 10:05:00,多,22193.0,22252.0,22189.0,22243.0,22189.0,22189.0,22193.0,22168.0
2025-06-26 10:35:00,空,22188.0,22196.0,22160.0,22171.0,22185.0,22213.0,22196.0,22196.0
2025-06-26 11:05:00,空,22164.0,22167.0,22142.0,22143.0,22157.0,22168.0,22167.0,22167.0
2025-06-26 11:45:00,空,22146.0,22150.0,22117.0,22130.0,22144.0,22159.0,22150.0,22150.0
2025-06-26 13:15:00,空,22130.0,22131.0,22100.0,22102.0,22126.0,22145.0,22131.0,22131.0
2025-06-27 09:05:00,空,22142.0,22169.0,22127.0,22128.0,22134.0,22178.0,22169.0,22169.0
2025-06-27 09:30:00,空,22095.0,22097.0,22050.0,22062.0,22080.0,22102.0,22097.0,22097.0
2025-06-27 12:15:00,多,22032.0,22048.0,22027.0,22044.0,21989.0,22075.0,22036.0,22010.0
2025-06-27 12:35:00,多,22077.0,22102.0,22070.0,22096.0,22070.0,22070.0,22079.0,22055.0
2025-06-27 13:30:00,多,22086.0,22107.0,22082.0,22104.0,22053.0,22083.0,22091.0,22073.0
2025-06-30 12:15:00,多,22126.0,22153.0,22124.0,22142.0,22083.0,22185.0,22133.0,22107.0
2025-06-30 12:40:00,多,22161.0,22186.0,22161.0,22178.0,22161.0,22161.0,22167.0,22153.0
2025-06-30 13:25:00,空,22148.0,22151.0,22116.0,22118.0,22139.0,22166.0,22151.0,22151.0
2025-07-01 09:00:00,多,22238.0,22364.0,22237.0,22364.0,22237.0,22237.0,22244.0,22222.0
2025-07-01 09:35:00,多,22502.0,22546.0,22500.0,22545.0,22500.0,22500.0,22504.0,22446.0
2025-07-01 11:10:00,空,22528.0,22531.0,22503.0,22506.0,22517.0,22539.0,22531.0,22531.0
2025-07-01 12:20:00,空,22384.0,22384.0,22286.0,22311.0,22366.0,22484.0,22384.0,22384.0
2025-07-02 09:40:00,多,22282.0,22310.0,22282.0,22308.0,22282.0,22282.0,22307.0,22270.0
2025-07-02 10:35:00,多,22318.0,22348.0,22318.0,22346.0,22318.0,22318.0,22326.0,22299.0
2025-07-02 11:35:00,多,22348.0,22360.0,22348.0,22358.0,22322.0,22350.0,22356.0,22347.0
2025-07-02 12:15:00,多,22362.0,22375.0,22361.0,22374.0,22361.0,22361.0,22371.0,22354.0
2025-07-02 12:35:00,多,22389.0,22401.0,22387.0,22398.0,22387.0,22387.0,22396.0,22383.0
2025-07-02 13:15:00,空,22377.0,22379.0,22360.0,22361.0,22367.0,22385.0,22379.0,22379.0
2025-07-02 13:40:00,多,22376.0,22396.0,22375.0,22396.0,22375.0,22375.0,22393.0,22368.0
2025-07-03 08:55:00,多,22632.0,22645.0,22611.0,22639.0,22611.0,22611.0,22636.0,22605.0
2025-07-03 11:30:00,多,22699.0,22716.0,22696.0,22711.0,22696.0,22696.0,22708.0,22652.0
2025-07-03 11:55:00,空,22664.0,22665.0,22637.0,22641.0,22650.0,22706.0,22665.0,22665.0
2025-07-04 09:25:00,空,22676.0,22679.0,22628.0,22638.0,22666.0,22711.0,22679.0,22679.0
2025-07-04 11:35:00,空,22516.0,22520.0,22465.0,22470.0,22498.0,22608.0,22520.0,22520.0
2025-07-04 13:05:00,空,22448.0,22454.0,22431.0,22439.0,22443.0,22468.0,22454.0,22454.0
2025-07-07 09:05:00,空,22330.0,22341.0,22270.0,22280.0,22326.0,22345.0,22341.0,22341.0
2025-07-07 09:25:00,多,22317.0,22396.0,22314.0,22366.0,22314.0,22314.0,22343.0,22303.0
2025-07-07 10:30:00,空,22341.0,22343.0,22294.0,22299.0,22317.0,22365.0,22343.0,22343.0
2025-07-07 11:00:00,空,22319.0,22322.0,22291.0,22291.0,22315.0,22327.0,22322.0,22322.0
2025-07-07 11:50:00,多,22316.0,22332.0,22314.0,22331.0,22314.0,22314.0,22320.0,22296.0
2025-07-07 12:40:00,空,22311.0,22314.0,22294.0,22298.0,22306.0,22325.0,22314.0,22314.0
2025-07-07 13:40:00,多,22315.0,22337.0,22315.0,22336.0,22315.0,22315.0,22334.0,22307.0
2025-07-08 09:40:00,空,22225.0,22228.0,22193.0,22195.0,22216.0,22307.0,22228.0,22228.0
2025-07-08 10:25:00,多,22177.0,22238.0,22175.0,22226.0,22175.0,22175.0,22208.0,22160.0
2025-07-08 10:50:00,多,22225.0,22268.0,22218.0,22259.0,22218.0,22218.0,22227.0,22216.0
2025-07-08 12:00:00,空,22278.0,22280.0,22254.0,22262.0,22267.0,22291.0,22280.0,22280.0
2025-07-08 12:25:00,空,22238.0,22238.0,22212.0,22221.0,22227.0,22250.0,22238.0,22238.0
2025-07-08 13:30:00,多,22248.0,22266.0,22247.0,22260.0,22247.0,22247.0,22247.0,22218.0
2025-07-09 09:50:00,多,22296.0,22340.0,22287.0,22340.0,22287.0,22287.0,22298.0,22280.0
2025-07-09 10:15:00,空,22356.0,22361.0,22324.0,22328.0,22354.0,22380.0,22361.0,22361.0
2025-07-09 12:05:00,多,22358.0,22367.0,22352.0,22365.0,22352.0,22352.0,22360.0,22335.0
2025-07-09 12:35:00,多,22387.0,22423.0,22385.0,22414.0,22385.0,22385.0,22389.0,22384.0
2025-07-10 09:25:00,多,22510.0,22549.0,22503.0,22549.0,22503.0,22503.0,22545.0,22475.0
2025-07-10 10:25:00,多,22561.0,22585.0,22553.0,22585.0,22553.0,22553.0,22573.0,22538.0
2025-07-10 11:50:00,多,22570.0,22583.0,22570.0,22579.0,22541.0,22582.0,22576.0,22560.0
2025-07-10 12:25:00,多,22592.0,22606.0,22589.0,22600.0,22589.0,22589.0,22599.0,22588.0
2025-07-10 13:20:00,空,22614.0,22615.0,22591.0,22601.0,22605.0,22624.0,22615.0,22615.0
2025-07-11 09:05:00,多,22569.0,22611.0,22551.0,22598.0,22551.0,22551.0,22594.0,22549.0
2025-07-11 09:30:00,多,22600.0,22670.0,22600.0,22650.0,22600.0,22600.0,22613.0,22597.0
2025-07-11 10:50:00,多,22666.0,22693.0,22664.0,22692.0,22638.0,22701.0,22668.0,22658.0
2025-07-11 11:05:00,多,22705.0,22713.0,22705.0,22710.0,22705.0,22705.0,22708.0,22695.0
2025-07-11 12:10:00,多,22718.0,22734.0,22718.0,22734.0,22718.0,22718.0,22729.0,22708.0
2025-07-11 13:20:00,多,22733.0,22744.0,22731.0,22740.0,22731.0,22731.0,22739.0,22724.0
2025-07-14 09:05:00,空,22640.0,22643.0,22581.0,22583.0,22639.0,22673.0,22643.0,22643.0
2025-07-14 10:35:00,空,22563.0,22565.0,22535.0,22536.0,22550.0,22585.0,22565.0,22565.0
2025-07-14 11:55:00,多,22577.0,22595.0,22577.0,22589.0,22577.0,22577.0,22585.0,22554.0
2025-07-14 12:55:00,空,22567.0,22567.0,22535.0,22550.0,22557.0,22578.0,22567.0,22567.0
2025-07-15 09:25:00,多,22599.0,22628.0,22598.0,22619.0,22598.0,22598.0,22608.0,22560.0
2025-07-15 09:45:00,多,22704.0,22739.0,22702.0,22733.0,22702.0,22702.0,22706.0,22644.0
2025-07-15 10:30:00,空,22773.0,22773.0,22719.0,22741.0,22751.0,22817.0,22773.0,22773.0
2025-07-15 11:20:00,多,22763.0,22778.0,22757.0,22776.0,22757.0,22757.0,22772.0,22750.0
2025-07-15 13:00:00,多,22803.0,22831.0,22802.0,22831.0,22802.0,22802.0,22821.0,22796.0
2025-07-16 09:05:00,多,22903.0,22939.0,22903.0,22923.0,22903.0,22903.0,22905.0,22880.0
2025-07-16 09:40:00,多,22994.0,23015.0,22983.0,23011.0,22983.0,22983.0,22999.0,22962.0
2025-07-16 10:20:00,多,23062.0,23083.0,23060.0,23077.0,23060.0,23060.0,23062.0,23033.0
2025-07-16 11:40:00,多,23085.0,23095.0,23081.0,23091.0,23050.0,23072.0,23089.0,23063.0
2025-07-16 12:05:00,多,23108.0,23116.0,23103.0,23116.0,23103.0,23103.0,23107.0,23093.0
2025-07-16 12:20:00,空,23075.0,23080.0,23058.0,23064.0,23066.0,23096.0,23080.0,23080.0
2025-07-17 09:10:00,多,22997.0,23029.0,22988.0,23019.0,22988.0,22988.0,23008.0,22969.0
2025-07-17 09:30:00,空,22966.0,22974.0,22890.0,22897.0,22964.0,22984.0,22974.0,22974.0
2025-07-17 10:25:00,多,22942.0,22975.0,22937.0,22972.0,22937.0,22937.0,22954.0,22900.0
2025-07-17 10:40:00,空,22961.0,22961.0,22933.0,22940.0,22960.0,22962.0,22961.0,22961.0
2025-07-17 11:20:00,多,22955.0,22972.0,22955.0,22966.0,22955.0,22955.0,22960.0,22944.0
2025-07-17 12:15:00,空,22979.0,22980.0,22968.0,22969.0,22970.0,22987.0,22980.0,22980.0
2025-07-17 12:50:00,多,22990.0,23024.0,22990.0,23019.0,22990.0,22990.0,22995.0,22970.0
2025-07-17 13:15:00,多,23037.0,23052.0,23036.0,23050.0,23036.0,23036.0,23045.0,23035.0
2025-07-18 09:20:00,空,23317.0,23360.0,23282.0,23282.0,23295.0,23375.0,23360.0,23360.0
2025-07-18 09:55:00,多,23292.0,23305.0,23291.0,23304.0,23291.0,23291.0,23303.0,23288.0
2025-07-18 12:00:00,空,23261.0,23261.0,23234.0,23238.0,23253.0,23279.0,23261.0,23261.0
2025-07-18 12:25:00,多,23264.0,23283.0,23263.0,23278.0,23263.0,23263.0,23269.0,23243.0
2025-07-22 09:10:00,多,23288.0,23373.0,23283.0,23373.0,23283.0,23283.0,23289.0,23265.0
2025-07-22 09:50:00,空,23328.0,23336.0,23301.0,23305.0,23315.0,23376.0,23336.0,23336.0
2025-07-22 10:45:00,空,23239.0,23240.0,23188.0,23204.0,23235.0,23320.0,23240.0,23240.0
2025-07-22 11:10:00,空,23164.0,23174.0,23137.0,23139.0,23160.0,23194.0,23174.0,23174.0
2025-07-22 12:10:00,空,23068.0,23070.0,23033.0,23044.0,23047.0,23118.0,23070.0,23070.0
2025-07-22 13:10:00,多,23027.0,23043.0,23026.0,23043.0,22989.0,23020.0,23042.0,23020.0
2025-07-23 09:10:00,多,23180.0,23192.0,23164.0,23188.0,23164.0,23164.0,23183.0,23118.0
2025-07-23 09:45:00,多,23169.0,23209.0,23169.0,23194.0,23169.0,23169.0,23179.0,23136.0
2025-07-23 10:45:00,空,23209.0,23221.0,23183.0,23190.0,23192.0,23229.0,23221.0,23221.0
2025-07-23 11:15:00,多,23229.0,23258.0,23226.0,23249.0,23226.0,23226.0,23241.0,23198.0
2025-07-23 13:15:00,空,23194.0,23202.0,23175.0,23182.0,23190.0,23245.0,23202.0,23202.0
2025-07-24 10:00:00,多,23275.0,23298.0,23271.0,23294.0,23229.0,23344.0,23275.0,23250.0
2025-07-25 09:05:00,多,23296.0,23328.0,23282.0,23322.0,23282.0,23282.0,23301.0,23279.0
2025-07-25 10:10:00,多,23265.0,23283.0,23263.0,23282.0,23207.0,23215.0,23270.0,23245.0
2025-07-25 10:25:00,多,23289.0,23316.0,23287.0,23303.0,23287.0,23287.0,23299.0,23284.0
2025-07-25 11:15:00,空,23276.0,23283.0,23255.0,23259.0,23271.0,23291.0,23283.0,23283.0
2025-07-25 12:25:00,空,23276.0,23278.0,23270.0,23272.0,23275.0,23279.0,23278.0,23278.0
2025-07-25 12:45:00,空,23254.0,23254.0,23241.0,23244.0,23248.0,23258.0,23254.0,23254.0
2025-07-25 13:00:00,多,23250.0,23266.0,23249.0,23261.0,23249.0,23249.0,23250.0,23246.0
2025-07-28 09:10:00,空,23318.0,23318.0,23267.0,23272.0,23297.0,23334.0,23318.0,23318.0
2025-07-28 09:35:00,多,23337.0,23356.0,23327.0,23354.0,23327.0,23327.0,23341.0,23320.0
2025-07-28 11:10:00,多,23381.0,23406.0,23381.0,23400.0,23381.0,23381.0,23388.0,23372.0
2025-07-28 11:35:00,多,23427.0,23458.0,23426.0,23444.0,23426.0,23426.0,23436.0,23418.0
2025-07-28 11:55:00,空,23416.0,23416.0,23390.0,23399.0,23406.0,23435.0,23416.0,23416.0
2025-07-28 12:55:00,空,23386.0,23388.0,23356.0,23368.0,23374.0,23393.0,23388.0,23388.0
2025-07-29 09:55:00,空,23302.0,23305.0,23124.0,23154.0,23295.0,23325.0,23305.0,23305.0
2025-07-29 10:30:00,空,23112.0,23117.0,23052.0,23061.0,23095.0,23137.0,23117.0,23117.0
2025-07-29 10:50:00,多,23138.0,23183.0,23138.0,23179.0,23138.0,23138.0,23162.0,23098.0
2025-07-29 12:40:00,空,23132.0,23141.0,23105.0,23116.0,23127.0,23169.0,23141.0,23141.0
2025-07-30 08:55:00,多,23275.0,23316.0,23271.0,23310.0,23271.0,23271.0,23294.0,23262.0
2025-07-30 09:20:00,空,23258.0,23264.0,23213.0,23227.0,23255.0,23286.0,23264.0,23264.0
2025-07-30 12:25:00,多,23391.0,23418.0,23391.0,23412.0,23391.0,23391.0,23406.0,23325.0
2025-07-30 12:50:00,空,23395.0,23401.0,23386.0,23388.0,23392.0,23406.0,23401.0,23401.0
2025-07-30 13:10:00,空,23381.0,23381.0,23333.0,23350.0,23376.0,23383.0,23381.0,23381.0
2025-07-31 10:40:00,多,23503.0,23529.0,23488.0,23524.0,23488.0,23488.0,23517.0,23450.0
2025-07-31 11:00:00,空,23508.0,23510.0,23487.0,23492.0,23505.0,23521.0,23510.0,23510.0
2025-07-31 11:30:00,多,23518.0,23546.0,23517.0,23545.0,23517.0,23517.0,23520.0,23491.0
2025-07-31 12:45:00,多,23546.0,23562.0,23544.0,23558.0,23544.0,23544.0,23552.0,23536.0
2025-07-31 13:00:00,多,23575.0,23588.0,23574.0,23585.0,23574.0,23574.0,23582.0,23572.0
2025-08-01 09:05:00,多,23251.0,23326.0,23223.0,23311.0,23223.0,23223.0,23260.0,23186.0
2025-08-01 09:35:00,多,23364.0,23407.0,23359.0,23401.0,23359.0,23359.0,23375.0,23345.0
2025-08-01 11:55:00,空,23334.0,23334.0,23315.0,23316.0,23325.0,23394.0,23334.0,23334.0
2025-08-01 12:45:00,多,23344.0,23358.0,23344.0,23356.0,23344.0,23344.0,23350.0,23337.0
2025-08-04 09:45:00,多,23167.0,23193.0,23167.0,23187.0,23167.0,23167.0,23183.0,23117.0
2025-08-04 10:10:00,多,23211.0,23246.0,23206.0,23233.0,23206.0,23206.0,23214.0,23194.0
2025-08-04 12:00:00,多,23246.0,23275.0,23246.0,23271.0,23246.0,23246.0,23257.0,23240.0
2025-08-04 12:15:00,空,23236.0,23238.0,23215.0,23219.0,23235.0,23252.0,23238.0,23238.0
2025-08-04 12:35:00,多,23238.0,23243.0,23233.0,23241.0,23233.0,23233.0,23239.0,23229.0
2025-08-04 12:55:00,多,23258.0,23265.0,23255.0,23264.0,23255.0,23255.0,23260.0,23253.0
2025-08-04 13:30:00,多,23270.0,23291.0,23258.0,23283.0,23258.0,23258.0,23273.0,23257.0
2025-08-05 09:05:00,多,23500.0,23543.0,23488.0,23542.0,23488.0,23488.0,23530.0,23472.0
2025-08-05 09:40:00,多,23471.0,23524.0,23465.0,23523.0,23421.0,23456.0,23476.0,23453.0
2025-08-05 10:55:00,多,23541.0,23573.0,23540.0,23569.0,23540.0,23540.0,23566.0,23525.0
2025-08-05 12:45:00,多,23561.0,23568.0,23561.0,23565.0,23526.0,23557.0,23563.0,23550.0
2025-08-06 10:30:00,多,23462.0,23483.0,23460.0,23474.0,23460.0,23460.0,23464.0,23429.0
2025-08-06 10:55:00,空,23450.0,23453.0,23439.0,23444.0,23446.0,23465.0,23453.0,23453.0
2025-08-06 11:50:00,多,23424.0,23437.0,23423.0,23431.0,23392.0,23405.0,23426.0,23412.0
2025-08-07 09:00:00,多,23770.0,23853.0,23770.0,23824.0,23770.0,23770.0,23786.0,23738.0
2025-08-07 09:35:00,多,23999.0,24020.0,23980.0,24012.0,23980.0,23980.0,24008.0,23887.0
2025-08-07 10:30:00,多,24035.0,24043.0,24025.0,24043.0,24025.0,24025.0,24038.0,24016.0
2025-08-07 11:55:00,空,24015.0,24018.0,23990.0,23997.0,24008.0,24029.0,24018.0,24018.0
2025-08-07 12:25:00,空,24002.0,24002.0,23988.0,23989.0,23995.0,24016.0,24002.0,24002.0
2025-08-07 13:10:00,空,24003.0,24003.0,23976.0,23987.0,23997.0,24004.0,24003.0,24003.0
2025-08-08 09:15:00,空,23978.0,23980.0,23956.0,23966.0,23974.0,23995.0,23980.0,23980.0
2025-08-08 12:20:00,多,23991.0,23997.0,23986.0,23997.0,23986.0,23986.0,23992.0,23984.0
2025-08-08 13:15:00,空,23976.0,23981.0,23955.0,23964.0,23971.0,24011.0,23981.0,23981.0
2025-08-11 10:00:00,多,23983.0,24004.0,23974.0,24000.0,23974.0,23974.0,23999.0,23909.0
2025-08-11 10:55:00,多,24059.0,24078.0,24058.0,24078.0,24058.0,24058.0,24075.0,24005.0
2025-08-11 11:15:00,多,24123.0,24153.0,24122.0,24152.0,24122.0,24122.0,24128.0,24082.0
2025-08-11 12:05:00,空,24182.0,24182.0,24158.0,24160.0,24171.0,24206.0,24182.0,24182.0
2025-08-12 11:55:00,多,24155.0,24183.0,24155.0,24180.0,24155.0,24155.0,24175.0,24117.0
2025-08-12 12:35:00,多,24214.0,24241.0,24214.0,24230.0,24214.0,24214.0,24214.0,24185.0
2025-08-12 13:00:00,空,24204.0,24210.0,24147.0,24170.0,24198.0,24220.0,24210.0,24210.0
2025-08-12 13:35:00,空,24162.0,24165.0,24148.0,24150.0,24153.0,24176.0,24165.0,24165.0
2025-08-13 09:10:00,空,24312.0,24320.0,24280.0,24284.0,24298.0,24323.0,24320.0,24320.0
2025-08-13 09:50:00,多,24295.0,24348.0,24294.0,24329.0,24294.0,24294.0,24316.0,24278.0
2025-08-13 10:10:00,多,24345.0,24380.0,24341.0,24377.0,24341.0,24341.0,24345.0,24333.0
2025-08-13 11:25:00,空,24374.0,24374.0,24230.0,24235.0,24353.0,24386.0,24374.0,24374.0
2025-08-13 12:25:00,多,24241.0,24282.0,24240.0,24268.0,24240.0,24240.0,24246.0,24219.0
2025-08-14 10:00:00,空,24282.0,24282.0,24254.0,24262.0,24275.0,24337.0,24282.0,24282.0
2025-08-14 10:30:00,多,24256.0,24269.0,24256.0,24263.0,24256.0,24256.0,24258.0,24248.0
2025-08-14 11:30:00,空,24264.0,24265.0,24243.0,24244.0,24252.0,24270.0,24265.0,24265.0
2025-08-14 11:55:00,多,24260.0,24280.0,24259.0,24279.0,24259.0,24259.0,24268.0,24258.0
2025-08-14 12:40:00,多,24305.0,24323.0,24305.0,24320.0,24305.0,24305.0,24311.0,24298.0
2025-08-14 13:25:00,空,24303.0,24306.0,24289.0,24293.0,24295.0,24316.0,24306.0,24306.0
2025-08-15 09:10:00,空,24258.0,24265.0,24188.0,24204.0,24254.0,24281.0,24265.0,24265.0
2025-08-15 10:30:00,多,24285.0,24304.0,24283.0,24301.0,24283.0,24283.0,24295.0,24269.0
2025-08-15 10:55:00,空,24296.0,24297.0,24282.0,24287.0,24292.0,24301.0,24297.0,24297.0
2025-08-15 11:40:00,多,24328.0,24348.0,24328.0,24348.0,24328.0,24328.0,24334.0,24294.0
2025-08-15 12:10:00,空,24357.0,24365.0,24345.0,24350.0,24353.0,24367.0,24365.0,24365.0
2025-08-15 13:05:00,空,24357.0,24357.0,24338.0,24339.0,24347.0,24367.0,24357.0,24357.0
2025-08-18 09:05:00,多,24253.0,24296.0,24241.0,24285.0,24241.0,24241.0,24266.0,24219.0
2025-08-18 09:40:00,多,24345.0,24376.0,24335.0,24366.0,24335.0,24335.0,24361.0,24318.0
2025-08-18 10:20:00,空,24389.0,24394.0,24333.0,24335.0,24375.0,24395.0,24394.0,24394.0
2025-08-18 10:50:00,多,24375.0,24397.0,24374.0,24395.0,24374.0,24374.0,24383.0,24370.0
2025-08-18 12:30:00,多,24420.0,24439.0,24417.0,24439.0,24417.0,24417.0,24428.0,24401.0
2025-08-18 13:35:00,空,24433.0,24434.0,24407.0,24415.0,24426.0,24448.0,24434.0,24434.0
2025-08-19 09:25:00,多,24381.0,24424.0,24377.0,24413.0,24313.0,24406.0,24382.0,24374.0
2025-08-19 09:50:00,空,24390.0,24402.0,24359.0,24359.0,24377.0,24408.0,24402.0,24402.0
2025-08-19 12:20:00,空,24366.0,24366.0,24347.0,24349.0,24358.0,24380.0,24366.0,24366.0
2025-08-19 13:40:00,空,24352.0,24358.0,24340.0,24342.0,24345.0,24370.0,24358.0,24358.0
2025-08-20 09:05:00,空,24129.0,24130.0,24030.0,24031.0,24080.0,24150.0,24130.0,24130.0
2025-08-20 09:25:00,空,23965.0,23969.0,23906.0,23911.0,23958.0,24010.0,23969.0,23969.0
2025-08-20 10:15:00,空,23885.0,23907.0,23846.0,23860.0,23875.0,23922.0,23907.0,23907.0
2025-08-20 11:25:00,多,23807.0,23830.0,23807.0,23829.0,23770.0,23842.0,23825.0,23796.0
2025-08-20 11:50:00,空,23774.0,23774.0,23752.0,23756.0,23766.0,23815.0,23774.0,23774.0
2025-08-20 12:55:00,空,23732.0,23739.0,23707.0,23711.0,23732.0,23756.0,23739.0,23739.0
2025-08-21 09:00:00,多,23738.0,23798.0,23734.0,23792.0,23734.0,23734.0,23749.0,23725.0
2025-08-21 09:40:00,多,23884.0,23901.0,23877.0,23893.0,23877.0,23877.0,23891.0,23814.0
2025-08-21 12:55:00,多,23885.0,23899.0,23884.0,23894.0,23813.0,23912.0,23890.0,23853.0
2025-08-22 11:55:00,空,23778.0,23778.0,23740.0,23746.0,23769.0,23841.0,23778.0,23778.0
2025-08-22 12:40:00,多,23752.0,23768.0,23750.0,23764.0,23732.0,23766.0,23755.0,23748.0
2025-08-22 13:40:00,空,23763.0,23765.0,23747.0,23750.0,23751.0,23782.0,23765.0,23765.0
2025-08-25 10:10:00,多,24225.0,24254.0,24217.0,24245.0,24217.0,24217.0,24231.0,24169.0
2025-08-25 10:30:00,多,24286.0,24314.0,24286.0,24306.0,24286.0,24286.0,24305.0,24272.0
2025-08-25 12:55:00,空,24266.0,24271.0,24242.0,24250.0,24255.0,24281.0,24271.0,24271.0
2025-08-26 09:25:00,空,24128.0,24142.0,24096.0,24098.0,24125.0,24146.0,24142.0,24142.0
2025-08-26 10:05:00,多,24142.0,24174.0,24138.0,24169.0,24138.0,24138.0,24158.0,24127.0
2025-08-26 11:00:00,空,24153.0,24155.0,24123.0,24135.0,24146.0,24161.0,24155.0,24155.0
2025-08-26 12:00:00,多,24167.0,24194.0,24164.0,24191.0,24164.0,24164.0,24175.0,24150.0
2025-08-26 12:50:00,多,24255.0,24277.0,24248.0,24272.0,24248.0,24248.0,24257.0,24218.0
2025-08-26 13:10:00,空,24247.0,24252.0,24240.0,24242.0,24247.0,24262.0,24252.0,24252.0
2025-08-27 08:55:00,多,24373.0,24388.0,24368.0,24386.0,24368.0,24368.0,24375.0,24359.0
2025-08-27 09:40:00,多,24430.0,24452.0,24426.0,24447.0,24426.0,24426.0,24442.0,24420.0
2025-08-27 11:45:00,空,24464.0,24464.0,24453.0,24457.0,24460.0,24485.0,24464.0,24464.0
2025-08-27 12:40:00,多,24455.0,24481.0,24455.0,24476.0,24455.0,24455.0,24458.0,24430.0
2025-08-28 09:20:00,空,24386.0,24388.0,24341.0,24360.0,24384.0,24392.0,24388.0,24388.0
2025-08-28 10:10:00,空,24355.0,24356.0,24325.0,24330.0,24334.0,24391.0,24356.0,24356.0
2025-08-28 11:00:00,多,24353.0,24382.0,24350.0,24376.0,24350.0,24350.0,24366.0,24345.0
2025-08-28 11:40:00,空,24377.0,24381.0,24352.0,24356.0,24368.0,24383.0,24381.0,24381.0
2025-08-28 11:55:00,空,24350.0,24353.0,24340.0,24342.0,24349.0,24354.0,24353.0,24353.0
2025-08-29 09:35:00,空,24377.0,24377.0,24355.0,24357.0,24360.0,24412.0,24377.0,24377.0
2025-08-29 10:10:00,空,24314.0,24315.0,24273.0,24280.0,24287.0,24342.0,24315.0,24315.0
2025-08-29 11:00:00,多,24292.0,24322.0,24289.0,24320.0,24253.0,24277.0,24305.0,24287.0
2025-08-29 12:20:00,空,24306.0,24306.0,24285.0,24289.0,24296.0,24320.0,24306.0,24306.0
2025-08-29 13:20:00,空,24274.0,24279.0,24261.0,24265.0,24274.0,24284.0,24279.0,24279.0
2025-09-01 10:10:00,空,24129.0,24133.0,24007.0,24011.0,24117.0,24170.0,24133.0,24133.0
2025-09-01 10:45:00,空,23907.0,23913.0,23871.0,23880.0,23884.0,23945.0,23913.0,23913.0
2025-09-01 11:10:00,多,23891.0,23933.0,23888.0,23930.0,23888.0,23888.0,23893.0,23882.0
2025-09-02 09:00:00,多,24160.0,24208.0,24152.0,24203.0,24152.0,24152.0,24172.0,24141.0
2025-09-02 09:20:00,空,24163.0,24167.0,24112.0,24114.0,24154.0,24196.0,24167.0,24167.0
2025-09-02 09:55:00,空,24084.0,24087.0,24013.0,24016.0,24083.0,24135.0,24087.0,24087.0
2025-09-02 10:45:00,空,24000.0,24003.0,23955.0,23964.0,23978.0,24043.0,24003.0,24003.0
2025-09-02 11:05:00,空,23932.0,23932.0,23889.0,23904.0,23912.0,23943.0,23932.0,23932.0
2025-09-02 11:25:00,多,23954.0,23977.0,23950.0,23968.0,23950.0,23950.0,23957.0,23920.0
2025-09-02 11:40:00,多,23983.0,24015.0,23982.0,24005.0,23982.0,23982.0,23985.0,23980.0
2025-09-02 12:45:00,多,24046.0,24063.0,24042.0,24055.0,24042.0,24042.0,24053.0,24023.0
2025-09-02 13:00:00,空,24002.0,24002.0,23974.0,23976.0,23998.0,24016.0,24002.0,24002.0
2025-09-03 09:05:00,多,23973.0,24010.0,23955.0,24009.0,23955.0,23955.0,23981.0,23953.0
2025-09-03 10:30:00,空,24024.0,24025.0,23961.0,23971.0,24007.0,24048.0,24025.0,24025.0
2025-09-03 11:15:00,多,24015.0,24043.0,24014.0,24041.0,24014.0,24014.0,24037.0,23992.0
2025-09-03 13:25:00,空,23995.0,23995.0,23971.0,23980.0,23987.0,24027.0,23995.0,23995.0
2025-09-04 09:05:00,多,24253.0,24322.0,24244.0,24306.0,24244.0,24244.0,24275.0,24240.0
2025-09-04 10:00:00,多,24286.0,24345.0,24280.0,24339.0,24280.0,24280.0,24300.0,24260.0
2025-09-04 10:45:00,空,24329.0,24335.0,24289.0,24296.0,24322.0,24337.0,24335.0,24335.0
2025-09-04 11:15:00,空,24201.0,24203.0,24157.0,24162.0,24190.0,24280.0,24203.0,24203.0
2025-09-04 13:00:00,空,24172.0,24182.0,24146.0,24146.0,24166.0,24184.0,24182.0,24182.0
2025-09-05 09:45:00,空,24340.0,24348.0,24286.0,24289.0,24301.0,24354.0,24348.0,24348.0
2025-09-05 10:30:00,多,24380.0,24404.0,24380.0,24402.0,24380.0,24380.0,24392.0,24323.0
2025-09-05 12:45:00,多,24388.0,24408.0,24386.0,24406.0,24364.0,24397.0,24405.0,24374.0
2025-09-08 08:55:00,多,24622.0,24645.0,24617.0,24635.0,24617.0,24617.0,24631.0,24607.0
2025-09-08 10:45:00,多,24566.0,24593.0,24561.0,24593.0,24518.0,24590.0,24575.0,24558.0
2025-09-08 11:20:00,空,24596.0,24600.0,24575.0,24580.0,24588.0,24606.0,24600.0,24600.0
2025-09-08 12:00:00,多,24600.0,24612.0,24598.0,24610.0,24598.0,24598.0,24606.0,24594.0
2025-09-08 12:15:00,空,24592.0,24594.0,24566.0,24568.0,24587.0,24600.0,24594.0,24594.0
2025-09-08 12:40:00,空,24585.0,24587.0,24565.0,24572.0,24581.0,24590.0,24587.0,24587.0
2025-09-09 09:05:00,空,24696.0,24707.0,24666.0,24671.0,24675.0,24721.0,24707.0,24707.0
2025-09-09 09:45:00,多,24728.0,24745.0,24720.0,24743.0,24720.0,24720.0,24729.0,24690.0
2025-09-09 10:05:00,多,24777.0,24823.0,24776.0,24823.0,24776.0,24776.0,24784.0,24753.0
2025-09-09 10:25:00,空,24793.0,24804.0,24767.0,24777.0,24790.0,24814.0,24804.0,24804.0
2025-09-09 10:50:00,空,24753.0,24755.0,24720.0,24730.0,24743.0,24773.0,24755.0,24755.0
2025-09-09 11:20:00,多,24770.0,24791.0,24766.0,24786.0,24766.0,24766.0,24778.0,24743.0
2025-09-09 13:05:00,空,24799.0,24803.0,24786.0,24790.0,24792.0,24811.0,24803.0,24803.0
2025-09-10 09:20:00,多,25004.0,25035.0,24997.0,25032.0,24997.0,24997.0,25026.0,24994.0
2025-09-10 09:50:00,多,25086.0,25114.0,25082.0,25109.0,25082.0,25082.0,25103.0,25059.0
2025-09-10 10:15:00,多,25146.0,25161.0,25134.0,25159.0,25134.0,25134.0,25152.0,25119.0
2025-09-10 10:50:00,多,25181.0,25196.0,25180.0,25190.0,25180.0,25180.0,25184.0,25165.0
2025-09-10 12:00:00,多,25208.0,25220.0,25208.0,25220.0,25171.0,25187.0,25211.0,25202.0
2025-09-10 12:20:00,空,25199.0,25202.0,25191.0,25192.0,25195.0,25203.0,25202.0,25202.0
2025-09-10 12:45:00,多,25198.0,25215.0,25196.0,25208.0,25196.0,25196.0,25198.0,25190.0
2025-09-10 13:35:00,空,25184.0,25184.0,25150.0,25158.0,25179.0,25210.0,25184.0,25184.0
2025-09-11 09:45:00,空,25354.0,25360.0,25321.0,25324.0,25326.0,25383.0,25360.0,25360.0
2025-09-11 10:00:00,多,25379.0,25400.0,25375.0,25392.0,25375.0,25375.0,25386.0,25360.0
2025-09-11 11:20:00,多,25437.0,25450.0,25430.0,25449.0,25430.0,25430.0,25445.0,25398.0
2025-09-11 12:15:00,空,25400.0,25403.0,25353.0,25355.0,25390.0,25441.0,25403.0,25403.0
2025-09-11 12:55:00,空,25281.0,25281.0,25252.0,25258.0,25260.0,25297.0,25281.0,25281.0
2025-09-12 09:55:00,多,25417.0,25445.0,25411.0,25445.0,25350.0,25422.0,25435.0,25407.0
2025-09-12 12:15:00,空,25430.0,25430.0,25390.0,25398.0,25403.0,25436.0,25430.0,25430.0
2025-09-12 12:55:00,空,25411.0,25414.0,25400.0,25403.0,25410.0,25418.0,25414.0,25414.0
2025-09-12 13:30:00,多,25443.0,25462.0,25437.0,25456.0,25437.0,25437.0,25445.0,25429.0
2025-09-15 09:05:00,空,25400.0,25410.0,25340.0,25352.0,25384.0,25423.0,25410.0,25410.0
2025-09-15 10:50:00,多,25325.0,25344.0,25320.0,25342.0,25269.0,25385.0,25336.0,25315.0
2025-09-15 11:45:00,多,25352.0,25391.0,25352.0,25388.0,25352.0,25352.0,25356.0,25349.0
2025-09-15 13:05:00,空,25364.0,25365.0,25353.0,25356.0,25357.0,25377.0,25365.0,25365.0
2025-09-16 09:05:00,多,25496.0,25551.0,25489.0,25543.0,25489.0,25489.0,25505.0,25433.0
2025-09-16 09:35:00,多,25587.0,25609.0,25583.0,25603.0,25583.0,25583.0,25602.0,25577.0
2025-09-16 10:30:00,多,25607.0,25641.0,25605.0,25633.0,25605.0,25605.0,25613.0,25595.0
2025-09-16 13:00:00,空,25645.0,25645.0,25630.0,25635.0,25637.0,25647.0,25645.0,25645.0
2025-09-17 12:55:00,空,25461.0,25465.0,25447.0,25449.0,25454.0,25540.0,25465.0,25465.0
2025-09-18 08:55:00,空,25595.0,25605.0,25581.0,25581.0,25592.0,25606.0,25605.0,25605.0
2025-09-18 09:40:00,空,25531.0,25535.0,25500.0,25504.0,25518.0,25566.0,25535.0,25535.0
2025-09-18 10:45:00,多,25579.0,25608.0,25579.0,25604.0,25579.0,25579.0,25603.0,25532.0
2025-09-18 11:00:00,多,25650.0,25680.0,25650.0,25670.0,25650.0,25650.0,25660.0,25624.0
2025-09-18 12:00:00,多,25708.0,25731.0,25704.0,25730.0,25704.0,25704.0,25715.0,25685.0
2025-09-19 09:15:00,空,25782.0,25782.0,25710.0,25731.0,25735.0,25792.0,25782.0,25782.0
2025-09-19 12:00:00,空,25709.0,25712.0,25686.0,25694.0,25695.0,25737.0,25712.0,25712.0
2025-09-19 13:00:00,多,25713.0,25734.0,25712.0,25732.0,25712.0,25712.0,25723.0,25696.0
2025-09-19 13:40:00,空,25705.0,25707.0,25666.0,25671.0,25681.0,25716.0,25707.0,25707.0
2025-09-22 10:35:00,多,25813.0,25846.0,25812.0,25837.0,25812.0,25812.0,25830.0,25730.0
2025-09-22 10:55:00,多,25851.0,25918.0,25850.0,25890.0,25850.0,25850.0,25860.0,25841.0
2025-09-22 11:25:00,多,25889.0,25915.0,25886.0,25906.0,25886.0,25886.0,25891.0,25874.0
2025-09-23 09:55:00,多,26130.0,26157.0,26130.0,26150.0,26130.0,26130.0,26140.0,26065.0
2025-09-23 10:15:00,多,26189.0,26198.0,26179.0,26196.0,26179.0,26179.0,26191.0,26172.0
2025-09-23 10:40:00,多,26217.0,26233.0,26211.0,26227.0,26211.0,26211.0,26220.0,26204.0
2025-09-23 11:05:00,多,26241.0,26274.0,26237.0,26268.0,26237.0,26237.0,26243.0,26229.0
2025-09-23 11:50:00,空,26255.0,26258.0,26228.0,26228.0,26241.0,26277.0,26258.0,26258.0
2025-09-23 12:40:00,多,26206.0,26240.0,26206.0,26227.0,26171.0,26217.0,26210.0,26195.0
2025-09-24 09:10:00,空,26297.0,26312.0,26230.0,26236.0,26266.0,26364.0,26312.0,26312.0
2025-09-24 09:55:00,空,26181.0,26189.0,26123.0,26126.0,26151.0,26192.0,26189.0,26189.0
2025-09-24 10:25:00,多,26148.0,26231.0,26134.0,26223.0,26134.0,26134.0,26153.0,26125.0
2025-09-24 12:05:00,空,26186.0,26186.0,26162.0,26166.0,26168.0,26225.0,26186.0,26186.0
2025-09-24 12:55:00,多,26158.0,26204.0,26156.0,26191.0,26156.0,26156.0,26174.0,26148.0
2025-09-24 13:20:00,多,26195.0,26232.0,26195.0,26231.0,26195.0,26195.0,26198.0,26194.0
2025-09-25 09:20:00,多,26176.0,26202.0,26164.0,26192.0,26114.0,26155.0,26190.0,26160.0
2025-09-25 11:05:00,空,26153.0,26153.0,26122.0,26123.0,26137.0,26222.0,26153.0,26153.0
2025-09-25 11:20:00,多,26153.0,26170.0,26144.0,26170.0,26144.0,26144.0,26153.0,26136.0
2025-09-25 12:15:00,空,26152.0,26157.0,26139.0,26139.0,26150.0,26158.0,26157.0,26157.0
2025-09-25 12:50:00,空,26138.0,26144.0,26128.0,26130.0,26133.0,26157.0,26144.0,26144.0
2025-09-25 13:10:00,空,26120.0,26127.0,26113.0,26115.0,26117.0,26133.0,26127.0,26127.0
2025-09-25 13:35:00,空,26108.0,26114.0,26090.0,26094.0,26104.0,26130.0,26114.0,26114.0
2025-09-26 09:05:00,空,25933.0,25935.0,25856.0,25861.0,25891.0,25936.0,25935.0,25935.0
2025-09-26 09:25:00,空,25697.0,25716.0,25608.0,25624.0,25637.0,25730.0,25716.0,25716.0
2025-09-26 09:55:00,空,25629.0,25640.0,25528.0,25538.0,25590.0,25643.0,25640.0,25640.0
2025-09-26 10:25:00,多,25585.0,25666.0,25582.0,25629.0,25582.0,25582.0,25618.0,25565.0
2025-09-26 11:10:00,空,25630.0,25637.0,25585.0,25595.0,25615.0,25645.0,25637.0,25637.0
2025-09-26 13:10:00,多,25620.0,25654.0,25620.0,25645.0,25620.0,25620.0,25628.0,25597.0
2025-09-30 09:20:00,多,25933.0,26007.0,25933.0,25998.0,25933.0,25933.0,25938.0,25913.0
2025-09-30 10:40:00,多,25956.0,25985.0,25950.0,25973.0,25875.0,25997.0,25960.0,25934.0
2025-09-30 12:30:00,多,25955.0,25989.0,25955.0,25983.0,25955.0,25955.0,25970.0,25945.0
2025-09-30 13:30:00,空,25964.0,25970.0,25946.0,25950.0,25956.0,25981.0,25970.0,25970.0
2025-10-01 09:15:00,多,26165.0,26234.0,26165.0,26221.0,26165.0,26165.0,26178.0,26144.0
2025-10-01 09:35:00,多,26289.0,26343.0,26289.0,26342.0,26289.0,26289.0,26309.0,26275.0
2025-10-01 10:00:00,空,26317.0,26323.0,26287.0,26294.0,26295.0,26337.0,26323.0,26323.0
2025-10-01 10:40:00,空,26202.0,26203.0,26170.0,26182.0,26195.0,26248.0,26203.0,26203.0
2025-10-01 10:55:00,空,26120.0,26123.0,26099.0,26109.0,26116.0,26144.0,26123.0,26123.0
2025-10-02 09:45:00,多,26451.0,26494.0,26449.0,26493.0,26381.0,26425.0,26484.0,26431.0
2025-10-02 11:25:00,空,26471.0,26471.0,26406.0,26435.0,26460.0,26484.0,26471.0,26471.0
2025-10-02 12:00:00,多,26472.0,26491.0,26472.0,26491.0,26472.0,26472.0,26484.0,26455.0
2025-10-02 12:50:00,空,26475.0,26484.0,26465.0,26465.0,26467.0,26485.0,26484.0,26484.0
2025-10-02 13:15:00,空,26434.0,26436.0,26414.0,26417.0,26425.0,26462.0,26436.0,26436.0
2025-10-03 08:55:00,空,26417.0,26422.0,26388.0,26394.0,26413.0,26434.0,26422.0,26422.0
2025-10-03 09:15:00,多,26474.0,26545.0,26471.0,26526.0,26471.0,26471.0,26494.0,26466.0
2025-10-03 10:10:00,多,26580.0,26594.0,26561.0,26591.0,26561.0,26561.0,26583.0,26528.0
2025-10-03 10:25:00,多,26601.0,26653.0,26601.0,26644.0,26601.0,26601.0,26604.0,26598.0
2025-10-03 12:20:00,多,26709.0,26721.0,26707.0,26716.0,26625.0,26683.0,26713.0,26669.0
2025-10-03 13:30:00,多,26731.0,26764.0,26721.0,26757.0,26721.0,26721.0,26741.0,26710.0
2025-10-07 09:55:00,多,27252.0,27272.0,27248.0,27270.0,27248.0,27248.0,27262.0,27224.0
2025-10-07 10:55:00,多,27271.0,27278.0,27268.0,27277.0,27191.0,27270.0,27275.0,27261.0
2025-10-07 12:30:00,空,27322.0,27325.0,27306.0,27309.0,27311.0,27328.0,27325.0,27325.0
2025-10-08 09:10:00,空,26994.0,27007.0,26956.0,26967.0,26971.0,27014.0,27007.0,27007.0
2025-10-08 11:40:00,多,27017.0,27075.0,27017.0,27060.0,27017.0,27017.0,27059.0,26975.0
2025-10-08 12:25:00,多,27100.0,27113.0,27094.0,27110.0,27094.0,27094.0,27109.0,27087.0
2025-10-09 09:05:00,空,27367.0,27386.0,27344.0,27355.0,27365.0,27415.0,27386.0,27386.0
2025-10-09 11:50:00,空,27362.0,27365.0,27287.0,27303.0,27324.0,27381.0,27365.0,27365.0
2025-10-13 10:30:00,多,26845.0,26876.0,26831.0,26872.0,26831.0,26831.0,26863.0,26724.0
2025-10-13 11:10:00,多,26826.0,26856.0,26826.0,26844.0,26746.0,26803.0,26826.0,26796.0
2025-10-13 12:45:00,多,26828.0,26850.0,26827.0,26840.0,26780.0,26832.0,26833.0,26820.0
2025-10-13 13:10:00,多,26871.0,26919.0,26871.0,26917.0,26871.0,26871.0,26874.0,26847.0
2025-10-14 09:15:00,空,27391.0,27395.0,27328.0,27353.0,27360.0,27397.0,27395.0,27395.0
2025-10-14 10:55:00,空,27196.0,27196.0,27163.0,27163.0,27180.0,27368.0,27196.0,27196.0
2025-10-14 12:05:00,空,27114.0,27119.0,27074.0,27076.0,27103.0,27152.0,27119.0,27119.0
2025-10-14 12:35:00,空,26922.0,26925.0,26851.0,26857.0,26867.0,27014.0,26925.0,26925.0
2025-10-14 13:35:00,空,26810.0,26815.0,26731.0,26733.0,26795.0,26842.0,26815.0,26815.0
2025-10-15 09:40:00,多,26926.0,26974.0,26923.0,26967.0,26923.0,26923.0,26945.0,26912.0
2025-10-15 10:15:00,多,27023.0,27075.0,27023.0,27073.0,27023.0,27023.0,27066.0,26991.0
2025-10-15 11:05:00,多,27115.0,27159.0,27108.0,27156.0,27108.0,27108.0,27140.0,27102.0
2025-10-15 11:40:00,空,27136.0,27137.0,27115.0,27123.0,27124.0,27160.0,27137.0,27137.0
2025-10-15 12:55:00,多,27150.0,27163.0,27145.0,27163.0,27145.0,27145.0,27150.0,27142.0
2025-10-16 09:35:00,多,27631.0,27663.0,27624.0,27653.0,27624.0,27624.0,27632.0,27533.0
2025-10-16 10:30:00,空,27658.0,27661.0,27511.0,27533.0,27615.0,27686.0,27661.0,27661.0
2025-10-16 11:00:00,多,27610.0,27634.0,27607.0,27626.0,27607.0,27607.0,27620.0,27565.0
2025-10-16 11:50:00,多,27632.0,27655.0,27632.0,27654.0,27632.0,27632.0,27638.0,27595.0
2025-10-16 12:15:00,多,27684.0,27742.0,27682.0,27739.0,27682.0,27682.0,27685.0,27668.0
2025-10-16 13:15:00,多,27770.0,27790.0,27769.0,27789.0,27769.0,27769.0,27773.0,27737.0
2025-10-17 09:05:00,多,27489.0,27536.0,27471.0,27522.0,27471.0,27471.0,27493.0,27453.0
2025-10-17 13:30:00,空,27392.0,27404.0,27350.0,27357.0,27363.0,27461.0,27404.0,27404.0
2025-10-20 09:20:00,多,27585.0,27655.0,27583.0,27654.0,27583.0,27583.0,27619.0,27562.0
2025-10-20 09:35:00,多,27750.0,27824.0,27746.0,27808.0,27746.0,27746.0,27767.0,27717.0
2025-10-20 12:10:00,多,27761.0,27801.0,27752.0,27799.0,27696.0,27756.0,27787.0,27736.0
2025-10-20 12:30:00,空,27786.0,27787.0,27752.0,27762.0,27783.0,27807.0,27787.0,27787.0
2025-10-21 09:05:00,多,27976.0,28001.0,27952.0,27991.0,27952.0,27952.0,27980.0,27902.0
2025-10-21 11:45:00,空,27938.0,27943.0,27883.0,27885.0,27906.0,27991.0,27943.0,27943.0
2025-10-21 12:25:00,多,27885.0,27905.0,27878.0,27905.0,27878.0,27878.0,27900.0,27870.0
2025-10-22 10:35:00,空,27608.0,27619.0,27583.0,27595.0,27600.0,27666.0,27619.0,27619.0
2025-10-22 11:25:00,空,27600.0,27605.0,27529.0,27541.0,27576.0,27625.0,27605.0,27605.0
2025-10-22 11:50:00,多,27582.0,27614.0,27578.0,27608.0,27578.0,27578.0,27592.0,27564.0
2025-10-22 13:25:00,空,27756.0,27758.0,27740.0,27740.0,27743.0,27761.0,27758.0,27758.0
2025-10-23 09:10:00,多,27435.0,27482.0,27433.0,27470.0,27433.0,27433.0,27465.0,27425.0
2025-10-23 10:50:00,多,27564.0,27587.0,27559.0,27576.0,27559.0,27559.0,27575.0,27494.0
2025-10-23 11:45:00,空,27582.0,27585.0,27556.0,27557.0,27558.0,27608.0,27585.0,27585.0
2025-10-27 09:05:00,空,28182.0,28187.0,28093.0,28110.0,28169.0,28217.0,28187.0,28187.0
2025-10-27 09:35:00,多,28164.0,28199.0,28153.0,28191.0,28153.0,28153.0,28180.0,28145.0
2025-10-27 11:30:00,多,28215.0,28254.0,28215.0,28251.0,28215.0,28215.0,28218.0,28214.0
2025-10-27 11:50:00,空,28227.0,28230.0,28201.0,28202.0,28220.0,28235.0,28230.0,28230.0
2025-10-27 12:25:00,多,28218.0,28230.0,28217.0,28228.0,28217.0,28217.0,28221.0,28206.0
2025-10-27 12:45:00,空,28209.0,28211.0,28191.0,28196.0,28197.0,28213.0,28211.0,28211.0
2025-10-27 13:05:00,多,28210.0,28236.0,28209.0,28235.0,28209.0,28209.0,28215.0,28196.0
2025-10-28 10:45:00,空,28060.0,28069.0,28006.0,28022.0,28042.0,28140.0,28069.0,28069.0
2025-10-28 11:55:00,空,28052.0,28053.0,28016.0,28022.0,28033.0,28078.0,28053.0,28053.0
2025-10-28 12:40:00,空,28003.0,28015.0,27988.0,27991.0,28003.0,28025.0,28015.0,28015.0
2025-10-28 13:10:00,多,28013.0,28062.0,28013.0,28055.0,28013.0,28013.0,28032.0,28004.0
2025-10-28 13:40:00,空,28021.0,28024.0,28000.0,28002.0,28017.0,28038.0,28024.0,28024.0
2025-10-29 10:15:00,多,28337.0,28392.0,28334.0,28390.0,28334.0,28334.0,28350.0,28254.0
2025-10-29 10:40:00,多,28421.0,28444.0,28414.0,28440.0,28414.0,28414.0,28430.0,28405.0
2025-10-29 12:20:00,空,28413.0,28420.0,28390.0,28390.0,28405.0,28423.0,28420.0,28420.0
2025-10-29 12:45:00,多,28406.0,28426.0,28402.0,28423.0,28402.0,28402.0,28408.0,28401.0
2025-10-30 09:05:00,多,28466.0,28552.0,28464.0,28534.0,28464.0,28464.0,28493.0,28456.0
2025-10-30 09:20:00,空,28455.0,28457.0,28370.0,28395.0,28422.0,28469.0,28457.0,28457.0
2025-10-30 09:40:00,多,28380.0,28418.0,28366.0,28406.0,28366.0,28366.0,28385.0,28360.0
2025-10-30 10:45:00,空,28377.0,28388.0,28357.0,28362.0,28363.0,28438.0,28388.0,28388.0
2025-10-30 11:30:00,空,28388.0,28401.0,28365.0,28369.0,28384.0,28406.0,28401.0,28401.0
2025-10-30 12:10:00,空,28352.0,28352.0,28248.0,28266.0,28349.0,28398.0,28352.0,28352.0
2025-10-30 13:00:00,多,28308.0,28360.0,28296.0,28342.0,28296.0,28296.0,28320.0,28238.0
2025-10-31 09:35:00,多,28498.0,28582.0,28498.0,28580.0,28498.0,28498.0,28507.0,28469.0
2025-10-31 10:00:00,多,28533.0,28570.0,28532.0,28557.0,28458.0,28518.0,28534.0,28525.0
2025-10-31 11:20:00,空,28471.0,28471.0,28387.0,28390.0,28464.0,28522.0,28471.0,28471.0
2025-10-31 11:45:00,多,28421.0,28438.0,28420.0,28435.0,28420.0,28420.0,28428.0,28408.0
2025-10-31 12:05:00,多,28461.0,28500.0,28457.0,28499.0,28457.0,28457.0,28465.0,28436.0
2025-10-31 12:40:00,多,28503.0,28516.0,28502.0,28516.0,28502.0,28502.0,28512.0,28500.0
2025-10-31 13:30:00,空,28474.0,28485.0,28430.0,28446.0,28472.0,28508.0,28485.0,28485.0
2025-11-03 09:10:00,多,28452.0,28503.0,28450.0,28501.0,28450.0,28450.0,28464.0,28402.0
2025-11-03 09:50:00,空,28481.0,28491.0,28419.0,28425.0,28444.0,28534.0,28491.0,28491.0
2025-11-03 10:35:00,空,28385.0,28385.0,28273.0,28273.0,28380.0,28422.0,28385.0,28385.0
2025-11-03 13:00:00,多,28328.0,28350.0,28327.0,28342.0,28327.0,28327.0,28340.0,28277.0
2025-11-03 13:35:00,多,28336.0,28354.0,28334.0,28350.0,28334.0,28334.0,28346.0,28320.0
2025-11-04 09:20:00,多,28492.0,28557.0,28492.0,28543.0,28492.0,28492.0,28500.0,28435.0
2025-11-04 09:45:00,空,28494.0,28495.0,28406.0,28409.0,28453.0,28542.0,28495.0,28495.0
2025-11-04 10:30:00,空,28316.0,28337.0,28297.0,28301.0,28313.0,28411.0,28337.0,28337.0
2025-11-04 10:45:00,空,28261.0,28268.0,28206.0,28226.0,28255.0,28298.0,28268.0,28268.0
2025-11-04 11:55:00,空,28264.0,28272.0,28248.0,28248.0,28254.0,28279.0,28272.0,28272.0
2025-11-04 12:15:00,空,28212.0,28222.0,28197.0,28204.0,28208.0,28224.0,28222.0,28222.0
2025-11-04 13:20:00,空,28157.0,28163.0,28125.0,28129.0,28131.0,28169.0,28163.0,28163.0
2025-11-05 09:20:00,空,27594.0,27602.0,27485.0,27525.0,27554.0,27658.0,27602.0,27602.0
2025-11-05 10:35:00,多,27542.0,27616.0,27535.0,27588.0,27535.0,27535.0,27555.0,27505.0
2025-11-05 10:55:00,多,27642.0,27703.0,27642.0,27698.0,27642.0,27642.0,27675.0,27611.0
2025-11-05 11:45:00,多,27808.0,27848.0,27802.0,27829.0,27802.0,27802.0,27813.0,27778.0
2025-11-06 10:35:00,多,28012.0,28088.0,28012.0,28073.0,28012.0,28012.0,28028.0,27988.0
2025-11-06 11:50:00,空,28098.0,28104.0,28049.0,28055.0,28081.0,28106.0,28104.0,28104.0
2025-11-06 12:15:00,多,28052.0,28085.0,28049.0,28079.0,28049.0,28049.0,28058.0,28035.0
2025-11-06 13:30:00,空,28055.0,28059.0,28031.0,28038.0,28054.0,28072.0,28059.0,28059.0
2025-11-07 10:20:00,空,27692.0,27710.0,27639.0,27641.0,27654.0,27769.0,27710.0,27710.0
2025-11-07 10:50:00,多,27723.0,27757.0,27716.0,27752.0,27716.0,27716.0,27750.0,27685.0
2025-11-07 12:50:00,空,27694.0,27708.0,27666.0,27670.0,27680.0,27760.0,27708.0,27708.0
2025-11-10 10:00:00,多,27835.0,27868.0,27835.0,27863.0,27718.0,27824.0,27852.0,27815.0
2025-11-10 11:30:00,多,27902.0,27939.0,27901.0,27937.0,27901.0,27901.0,27934.0,27871.0
2025-11-10 12:05:00,多,27933.0,27951.0,27932.0,27945.0,27932.0,27932.0,27936.0,27924.0
2025-11-10 12:45:00,多,27980.0,28001.0,27979.0,28000.0,27979.0,27979.0,27985.0,27965.0
2025-11-11 09:45:00,空,28076.0,28081.0,27980.0,28007.0,28037.0,28121.0,28081.0,28081.0
2025-11-11 10:35:00,多,28010.0,28027.0,28000.0,28021.0,27951.0,28016.0,28012.0,27997.0
2025-11-11 11:55:00,多,28032.0,28069.0,28029.0,28066.0,28029.0,28029.0,28050.0,27994.0
2025-11-11 12:50:00,空,27998.0,27998.0,27916.0,27918.0,27992.0,28035.0,27998.0,27998.0
2025-11-11 13:10:00,空,27880.0,27883.0,27832.0,27848.0,27864.0,27917.0,27883.0,27883.0
2025-11-12 10:05:00,多,27967.0,28012.0,27951.0,28011.0,27951.0,27951.0,27973.0,27925.0
2025-11-12 13:00:00,多,28060.0,28075.0,28057.0,28075.0,28057.0,28057.0,28072.0,28038.0
2025-11-12 13:30:00,空,28052.0,28054.0,28032.0,28035.0,28047.0,28067.0,28054.0,28054.0
2025-11-13 09:40:00,多,27910.0,27955.0,27903.0,27949.0,27802.0,27905.0,27917.0,27865.0
2025-11-13 10:25:00,多,27973.0,28015.0,27972.0,28011.0,27972.0,27972.0,28000.0,27951.0
2025-11-13 10:40:00,空,27986.0,27992.0,27957.0,27957.0,27984.0,27996.0,27992.0,27992.0
2025-11-13 11:00:00,空,27975.0,27981.0,27940.0,27953.0,27955.0,27984.0,27981.0,27981.0
2025-11-13 11:45:00,空,27912.0,27915.0,27864.0,27868.0,27872.0,27920.0,27915.0,27915.0
2025-11-13 12:00:00,多,27905.0,27921.0,27904.0,27915.0,27904.0,27904.0,27914.0,27896.0
2025-11-13 12:25:00,多,27945.0,27955.0,27938.0,27951.0,27938.0,27938.0,27944.0,27932.0
2025-11-13 12:45:00,多,27984.0,27996.0,27983.0,27992.0,27983.0,27983.0,27986.0,27979.0
2025-11-14 09:50:00,多,27441.0,27499.0,27436.0,27479.0,27380.0,27466.0,27474.0,27434.0
2025-11-14 10:30:00,多,27500.0,27562.0,27500.0,27553.0,27500.0,27500.0,27518.0,27495.0
2025-11-14 11:05:00,多,27584.0,27595.0,27575.0,27595.0,27575.0,27575.0,27594.0,27561.0
2025-11-14 11:30:00,空,27562.0,27569.0,27532.0,27535.0,27540.0,27580.0,27569.0,27569.0
2025-11-14 12:10:00,空,27532.0,27536.0,27489.0,27494.0,27521.0,27540.0,27536.0,27536.0
2025-11-14 12:35:00,空,27456.0,27466.0,27420.0,27423.0,27435.0,27485.0,27466.0,27466.0
2025-11-14 13:10:00,空,27423.0,27426.0,27383.0,27394.0,27422.0,27429.0,27426.0,27426.0
2025-11-17 10:25:00,空,27553.0,27553.0,27487.0,27496.0,27513.0,27588.0,27553.0,27553.0
2025-11-17 10:45:00,多,27568.0,27606.0,27565.0,27601.0,27565.0,27565.0,27596.0,27548.0
2025-11-17 11:25:00,空,27597.0,27603.0,27557.0,27573.0,27580.0,27617.0,27603.0,27603.0
2025-11-17 12:35:00,空,27524.0,27528.0,27491.0,27502.0,27509.0,27553.0,27528.0,27528.0
2025-11-17 13:30:00,空,27498.0,27503.0,27465.0,27475.0,27481.0,27519.0,27503.0,27503.0
2025-11-18 09:45:00,多,27190.0,27275.0,27171.0,27246.0,27171.0,27171.0,27196.0,27156.0
2025-11-18 10:10:00,空,27213.0,27225.0,27155.0,27163.0,27181.0,27239.0,27225.0,27225.0
2025-11-18 10:35:00,空,27080.0,27091.0,27014.0,27028.0,27063.0,27118.0,27091.0,27091.0
2025-11-18 11:25:00,空,26912.0,26920.0,26860.0,26860.0,26874.0,26994.0,26920.0,26920.0
2025-11-18 12:15:00,空,26842.0,26850.0,26792.0,26796.0,26809.0,26851.0,26850.0,26850.0
2025-11-19 08:55:00,空,26784.0,26796.0,26748.0,26748.0,26780.0,26799.0,26796.0,26796.0
2025-11-19 09:50:00,空,26805.0,26807.0,26761.0,26765.0,26790.0,26853.0,26807.0,26807.0
2025-11-19 10:50:00,空,26815.0,26815.0,26776.0,26786.0,26806.0,26823.0,26815.0,26815.0
2025-11-19 11:10:00,空,26782.0,26782.0,26703.0,26704.0,26775.0,26785.0,26782.0,26782.0
2025-11-19 11:50:00,空,26573.0,26583.0,26537.0,26551.0,26571.0,26640.0,26583.0,26583.0
2025-11-19 12:15:00,多,26608.0,26650.0,26605.0,26634.0,26605.0,26605.0,26611.0,26592.0
2025-11-20 09:30:00,多,27433.0,27468.0,27432.0,27459.0,27432.0,27432.0,27447.0,27388.0
2025-11-20 09:45:00,空,27432.0,27444.0,27357.0,27374.0,27430.0,27448.0,27444.0,27444.0
2025-11-20 10:10:00,空,27306.0,27306.0,27252.0,27262.0,27293.0,27375.0,27306.0,27306.0
2025-11-20 10:50:00,多,27286.0,27309.0,27277.0,27301.0,27277.0,27277.0,27292.0,27263.0
2025-11-20 11:05:00,多,27360.0,27372.0,27344.0,27368.0,27344.0,27344.0,27366.0,27313.0
2025-11-20 11:20:00,多,27409.0,27445.0,27395.0,27436.0,27395.0,27395.0,27415.0,27386.0
2025-11-20 11:55:00,空,27426.0,27426.0,27406.0,27413.0,27415.0,27429.0,27426.0,27426.0
2025-11-20 13:30:00,空,27470.0,27471.0,27449.0,27454.0,27458.0,27478.0,27471.0,27471.0
2025-11-21 10:05:00,空,26624.0,26644.0,26577.0,26581.0,26588.0,26700.0,26644.0,26644.0
2025-11-21 11:00:00,空,26525.0,26536.0,26502.0,26509.0,26515.0,26549.0,26536.0,26536.0
2025-11-21 11:30:00,空,26515.0,26516.0,26484.0,26487.0,26504.0,26524.0,26516.0,26516.0
2025-11-21 12:20:00,空,26487.0,26489.0,26450.0,26464.0,26471.0,26501.0,26489.0,26489.0
2025-11-21 12:40:00,空,26432.0,26442.0,26413.0,26414.0,26425.0,26446.0,26442.0,26442.0
2025-11-21 13:00:00,多,26485.0,26523.0,26482.0,26506.0,26482.0,26482.0,26487.0,26430.0
2025-11-24 10:20:00,多,26623.0,26656.0,26611.0,26649.0,26536.0,26663.0,26638.0,26596.0
2025-11-24 10:40:00,多,26664.0,26683.0,26661.0,26674.0,26661.0,26661.0,26669.0,26625.0
2025-11-24 11:10:00,空,26636.0,26651.0,26620.0,26625.0,26633.0,26652.0,26651.0,26651.0
2025-11-24 11:55:00,多,26594.0,26621.0,26591.0,26618.0,26551.0,26580.0,26613.0,26580.0
2025-11-24 12:25:00,空,26596.0,26608.0,26566.0,26579.0,26588.0,26609.0,26608.0,26608.0
2025-11-24 12:50:00,多,26617.0,26633.0,26613.0,26629.0,26613.0,26613.0,26628.0,26592.0
2025-11-25 09:05:00,空,27045.0,27058.0,27020.0,27022.0,27043.0,27060.0,27058.0,27058.0
2025-11-25 09:30:00,空,26969.0,26976.0,26928.0,26932.0,26950.0,27008.0,26976.0,26976.0
2025-11-25 10:55:00,多,26905.0,26933.0,26905.0,26924.0,26846.0,26887.0,26914.0,26886.0
2025-11-25 11:25:00,空,26909.0,26913.0,26886.0,26887.0,26906.0,26914.0,26913.0,26913.0
2025-11-25 11:45:00,空,26827.0,26827.0,26802.0,26806.0,26818.0,26835.0,26827.0,26827.0
2025-11-25 12:15:00,多,26826.0,26859.0,26826.0,26849.0,26826.0,26826.0,26828.0,26816.0
2025-11-25 12:30:00,多,26858.0,26896.0,26854.0,26892.0,26854.0,26854.0,26867.0,26852.0
2025-11-26 08:55:00,多,27196.0,27216.0,27191.0,27213.0,27191.0,27191.0,27198.0,27188.0
2025-11-26 09:15:00,多,27299.0,27312.0,27285.0,27308.0,27285.0,27285.0,27300.0,27265.0
2025-11-26 11:35:00,空,27302.0,27302.0,27270.0,27279.0,27280.0,27329.0,27302.0,27302.0
2025-11-26 13:15:00,多,27292.0,27323.0,27289.0,27318.0,27289.0,27289.0,27302.0,27286.0
2025-11-27 09:50:00,多,27568.0,27607.0,27541.0,27606.0,27541.0,27541.0,27587.0,27535.0
2025-11-27 10:25:00,多,27634.0,27642.0,27622.0,27641.0,27622.0,27622.0,27637.0,27617.0
2025-11-27 10:55:00,空,27587.0,27604.0,27555.0,27564.0,27578.0,27626.0,27604.0,27604.0
2025-11-27 12:35:00,多,27498.0,27517.0,27497.0,27514.0,27461.0,27553.0,27506.0,27496.0
2025-11-27 13:00:00,多,27538.0,27579.0,27536.0,27578.0,27536.0,27536.0,27540.0,27520.0
2025-11-28 09:20:00,多,27624.0,27664.0,27617.0,27653.0,27617.0,27617.0,27639.0,27603.0
2025-11-28 09:50:00,多,27645.0,27673.0,27635.0,27664.0,27635.0,27635.0,27647.0,27631.0
2025-11-28 10:10:00,多,27685.0,27702.0,27681.0,27698.0,27681.0,27681.0,27693.0,27676.0
2025-11-28 10:45:00,多,27722.0,27744.0,27722.0,27743.0,27696.0,27720.0,27734.0,27716.0
2025-11-28 11:35:00,多,27784.0,27793.0,27781.0,27790.0,27781.0,27781.0,27788.0,27760.0
2025-11-28 12:40:00,多,27795.0,27816.0,27795.0,27810.0,27795.0,27795.0,27797.0,27781.0
2025-11-28 12:55:00,多,27824.0,27838.0,27823.0,27834.0,27823.0,27823.0,27826.0,27822.0
2025-11-28 13:25:00,空,27827.0,27828.0,27778.0,27782.0,27812.0,27829.0,27828.0,27828.0
2025-12-01 09:25:00,空,27561.0,27577.0,27543.0,27546.0,27551.0,27623.0,27577.0,27577.0
2025-12-01 09:45:00,多,27623.0,27641.0,27598.0,27638.0,27598.0,27598.0,27628.0,27587.0
2025-12-01 10:10:00,空,27597.0,27597.0,27554.0,27556.0,27574.0,27612.0,27597.0,27597.0
2025-12-01 12:20:00,多,27520.0,27533.0,27520.0,27532.0,27476.0,27495.0,27528.0,27514.0
2025-12-01 13:05:00,空,27491.0,27496.0,27451.0,27460.0,27478.0,27527.0,27496.0,27496.0
2025-12-01 13:25:00,空,27435.0,27438.0,27418.0,27418.0,27425.0,27450.0,27438.0,27438.0
2025-12-02 09:40:00,空,27716.0,27723.0,27675.0,27686.0,27711.0,27757.0,27723.0,27723.0
2025-12-02 10:30:00,空,27637.0,27645.0,27603.0,27605.0,27615.0,27662.0,27645.0,27645.0
2025-12-02 11:15:00,空,27627.0,27628.0,27597.0,27603.0,27626.0,27650.0,27628.0,27628.0
2025-12-02 11:50:00,多,27598.0,27627.0,27592.0,27626.0,27592.0,27592.0,27611.0,27575.0
2025-12-02 12:40:00,空,27602.0,27603.0,27578.0,27588.0,27600.0,27616.0,27603.0,27603.0
2025-12-02 13:10:00,空,27561.0,27564.0,27528.0,27536.0,27548.0,27566.0,27564.0,27564.0
2025-12-03 11:00:00,空,27739.0,27745.0,27700.0,27706.0,27717.0,27862.0,27745.0,27745.0
2025-12-03 12:05:00,多,27758.0,27779.0,27752.0,27779.0,27752.0,27752.0,27764.0,27727.0
2025-12-03 12:35:00,空,27752.0,27755.0,27741.0,27743.0,27745.0,27762.0,27755.0,27755.0
2025-12-03 13:30:00,多,27759.0,27779.0,27758.0,27771.0,27758.0,27758.0,27765.0,27738.0
2025-12-04 09:15:00,多,27828.0,27873.0,27821.0,27873.0,27821.0,27821.0,27836.0,27797.0
2025-12-04 10:10:00,空,27761.0,27761.0,27726.0,27728.0,27745.0,27840.0,27761.0,27761.0
2025-12-04 10:50:00,多,27768.0,27774.0,27759.0,27773.0,27759.0,27759.0,27768.0,27748.0
2025-12-04 11:30:00,空,27724.0,27728.0,27697.0,27700.0,27716.0,27757.0,27728.0,27728.0
2025-12-04 11:55:00,多,27718.0,27740.0,27717.0,27738.0,27717.0,27717.0,27731.0,27713.0
2025-12-04 12:20:00,空,27725.0,27725.0,27701.0,27702.0,27718.0,27732.0,27725.0,27725.0
2025-12-04 12:35:00,多,27722.0,27740.0,27718.0,27736.0,27718.0,27718.0,27721.0,27705.0
2025-12-04 13:00:00,多,27758.0,27771.0,27755.0,27771.0,27755.0,27755.0,27759.0,27745.0
2025-12-05 09:00:00,多,27828.0,27917.0,27806.0,27915.0,27806.0,27806.0,27830.0,27804.0
2025-12-05 10:10:00,多,27820.0,27882.0,27819.0,27880.0,27766.0,27887.0,27844.0,27809.0
2025-12-05 12:00:00,多,27853.0,27866.0,27851.0,27861.0,27811.0,27868.0,27859.0,27834.0
2025-12-05 12:30:00,多,27907.0,27955.0,27901.0,27953.0,27901.0,27901.0,27908.0,27894.0
2025-12-05 13:25:00,多,27968.0,27976.0,27959.0,27976.0,27959.0,27959.0,27975.0,27957.0
2025-12-08 09:40:00,多,28104.0,28128.0,28092.0,28127.0,28092.0,28092.0,28125.0,28074.0
2025-12-08 10:20:00,多,28174.0,28195.0,28174.0,28193.0,28174.0,28174.0,28190.0,28161.0
2025-12-08 11:10:00,多,28239.0,28249.0,28233.0,28248.0,28233.0,28233.0,28245.0,28222.0
2025-12-08 11:55:00,多,28266.0,28280.0,28259.0,28277.0,28225.0,28230.0,28267.0,28247.0
2025-12-08 12:50:00,多,28278.0,28297.0,28273.0,28295.0,28273.0,28273.0,28284.0,28265.0
2025-12-08 13:05:00,空,28267.0,28269.0,28254.0,28259.0,28265.0,28284.0,28269.0,28269.0
2025-12-08 13:30:00,多,28275.0,28296.0,28266.0,28292.0,28266.0,28266.0,28280.0,28258.0
2025-12-09 09:25:00,空,28272.0,28280.0,28246.0,28247.0,28255.0,28301.0,28280.0,28280.0
2025-12-09 10:10:00,空,28266.0,28273.0,28230.0,28240.0,28248.0,28279.0,28273.0,28273.0
2025-12-09 12:25:00,多,28235.0,28271.0,28234.0,28270.0,28234.0,28234.0,28244.0,28224.0
2025-12-09 13:00:00,空,28265.0,28265.0,28241.0,28243.0,28262.0,28274.0,28265.0,28265.0
2025-12-10 10:10:00,多,28277.0,28315.0,28275.0,28303.0,28252.0,28329.0,28281.0,28266.0
2025-12-10 11:35:00,多,28358.0,28385.0,28353.0,28384.0,28353.0,28353.0,28381.0,28325.0
2025-12-10 12:20:00,多,28399.0,28423.0,28399.0,28419.0,28399.0,28399.0,28412.0,28390.0
2025-12-10 12:40:00,空,28423.0,28424.0,28409.0,28412.0,28420.0,28425.0,28424.0,28424.0
2025-12-10 13:05:00,空,28413.0,28413.0,28393.0,28393.0,28411.0,28420.0,28413.0,28413.0
2025-12-11 09:15:00,空,28468.0,28488.0,28452.0,28458.0,28459.0,28525.0,28488.0,28488.0
2025-12-11 09:45:00,空,28438.0,28447.0,28404.0,28408.0,28433.0,28452.0,28447.0,28447.0
2025-12-11 10:05:00,空,28366.0,28370.0,28312.0,28334.0,28366.0,28386.0,28370.0,28370.0
2025-12-11 10:45:00,空,28248.0,28254.0,28193.0,28200.0,28228.0,28313.0,28254.0,28254.0
2025-12-11 11:05:00,空,28133.0,28144.0,28066.0,28075.0,28118.0,28188.0,28144.0,28144.0
2025-12-11 12:10:00,多,28118.0,28175.0,28117.0,28153.0,28117.0,28117.0,28144.0,28111.0
2025-12-11 12:50:00,空,28116.0,28129.0,28096.0,28103.0,28107.0,28135.0,28129.0,28129.0
2025-12-12 09:45:00,空,28298.0,28307.0,28247.0,28260.0,28281.0,28312.0,28307.0,28307.0
2025-12-12 11:15:00,空,28253.0,28255.0,28217.0,28222.0,28250.0,28260.0,28255.0,28255.0
2025-12-12 12:05:00,多,28187.0,28218.0,28187.0,28214.0,28163.0,28210.0,28196.0,28183.0
2025-12-12 13:15:00,多,28215.0,28247.0,28215.0,28245.0,28215.0,28215.0,28222.0,28206.0
2025-12-15 09:15:00,多,27868.0,27894.0,27848.0,27883.0,27848.0,27848.0,27870.0,27813.0
2025-12-15 09:50:00,多,27898.0,27934.0,27896.0,27930.0,27896.0,27896.0,27910.0,27895.0
2025-12-15 10:40:00,空,27949.0,27951.0,27907.0,27924.0,27947.0,27964.0,27951.0,27951.0
2025-12-15 11:50:00,空,27918.0,27926.0,27904.0,27908.0,27913.0,27940.0,27926.0,27926.0
2025-12-15 12:35:00,多,27918.0,27952.0,27909.0,27940.0,27909.0,27909.0,27927.0,27902.0
2025-12-16 09:35:00,空,27603.0,27603.0,27524.0,27541.0,27600.0,27638.0,27603.0,27603.0
2025-12-16 10:10:00,多,27509.0,27538.0,27505.0,27529.0,27458.0,27518.0,27519.0,27490.0
2025-12-16 10:50:00,空,27501.0,27505.0,27474.0,27481.0,27485.0,27520.0,27505.0,27505.0
2025-12-16 11:35:00,多,27441.0,27464.0,27439.0,27460.0,27411.0,27451.0,27452.0,27426.0
2025-12-16 11:50:00,多,27488.0,27529.0,27474.0,27529.0,27474.0,27474.0,27492.0,27473.0
2025-12-17 11:00:00,多,27732.0,27763.0,27726.0,27748.0,27726.0,27726.0,27747.0,27679.0
2025-12-17 12:20:00,空,27694.0,27694.0,27676.0,27678.0,27692.0,27750.0,27694.0,27694.0
2025-12-17 12:45:00,空,27583.0,27584.0,27544.0,27560.0,27575.0,27626.0,27584.0,27584.0
2025-12-18 09:40:00,多,27580.0,27648.0,27576.0,27630.0,27576.0,27576.0,27601.0,27529.0
2025-12-18 10:05:00,空,27563.0,27572.0,27535.0,27548.0,27560.0,27615.0,27572.0,27572.0
2025-12-18 10:30:00,多,27636.0,27644.0,27607.0,27642.0,27607.0,27607.0,27639.0,27578.0
2025-12-18 11:10:00,空,27579.0,27588.0,27545.0,27555.0,27565.0,27616.0,27588.0,27588.0
2025-12-18 12:00:00,多,27506.0,27537.0,27504.0,27535.0,27457.0,27489.0,27532.0,27502.0
2025-12-18 12:25:00,多,27546.0,27560.0,27538.0,27559.0,27538.0,27538.0,27550.0,27527.0
2025-12-19 09:10:00,多,27865.0,27896.0,27863.0,27883.0,27863.0,27863.0,27870.0,27858.0
2025-12-19 09:35:00,空,27864.0,27876.0,27841.0,27849.0,27857.0,27891.0,27876.0,27876.0
2025-12-19 10:10:00,多,27899.0,27943.0,27897.0,27930.0,27897.0,27897.0,27913.0,27889.0
2025-12-19 11:15:00,空,27867.0,27874.0,27816.0,27822.0,27824.0,27914.0,27874.0,27874.0
2025-12-22 09:25:00,空,28232.0,28234.0,28184.0,28195.0,28213.0,28261.0,28234.0,28234.0
2025-12-22 10:30:00,多,28244.0,28266.0,28242.0,28262.0,28242.0,28242.0,28258.0,28200.0
2025-12-22 10:45:00,多,28315.0,28330.0,28303.0,28325.0,28303.0,28303.0,28320.0,28270.0
2025-12-22 11:30:00,空,28338.0,28344.0,28320.0,28321.0,28338.0,28351.0,28344.0,28344.0
2025-12-22 12:00:00,空,28330.0,28333.0,28307.0,28307.0,28316.0,28335.0,28333.0,28333.0
2025-12-23 09:05:00,多,28387.0,28416.0,28387.0,28402.0,28387.0,28387.0,28393.0,28380.0
2025-12-23 09:55:00,多,28403.0,28446.0,28403.0,28439.0,28403.0,28403.0,28410.0,28387.0
2025-12-23 11:25:00,多,28407.0,28440.0,28407.0,28436.0,28371.0,28431.0,28415.0,28390.0
2025-12-23 12:00:00,空,28390.0,28391.0,28380.0,28382.0,28383.0,28416.0,28391.0,28391.0
2025-12-23 13:10:00,空,28393.0,28394.0,28371.0,28373.0,28383.0,28396.0,28394.0,28394.0
2025-12-23 13:35:00,多,28396.0,28410.0,28395.0,28408.0,28395.0,28395.0,28407.0,28389.0
2025-12-24 09:40:00,空,28518.0,28521.0,28484.0,28496.0,28504.0,28525.0,28521.0,28521.0
2025-12-24 10:25:00,空,28465.0,28465.0,28425.0,28428.0,28434.0,28473.0,28465.0,28465.0
2025-12-24 11:05:00,多,28438.0,28454.0,28436.0,28452.0,28436.0,28436.0,28445.0,28428.0
2025-12-24 11:30:00,空,28426.0,28426.0,28409.0,28413.0,28416.0,28432.0,28426.0,28426.0
2025-12-24 12:10:00,多,28434.0,28456.0,28424.0,28451.0,28424.0,28424.0,28445.0,28423.0
2025-12-24 12:40:00,空,28422.0,28435.0,28418.0,28418.0,28421.0,28444.0,28435.0,28435.0
2025-12-24 13:30:00,多,28433.0,28458.0,28428.0,28450.0,28428.0,28428.0,28438.0,28420.0
2025-12-26 08:55:00,多,28621.0,28636.0,28615.0,28629.0,28615.0,28615.0,28628.0,28612.0
2025-12-26 09:10:00,空,28597.0,28599.0,28562.0,28573.0,28588.0,28606.0,28599.0,28599.0
2025-12-26 10:45:00,多,28603.0,28629.0,28603.0,28623.0,28603.0,28603.0,28617.0,28574.0
2025-12-26 11:20:00,多,28668.0,28700.0,28665.0,28689.0,28665.0,28665.0,28678.0,28652.0
2025-12-26 12:00:00,空,28670.0,28673.0,28628.0,28642.0,28665.0,28686.0,28673.0,28673.0
2025-12-26 12:50:00,多,28677.0,28690.0,28677.0,28685.0,28677.0,28677.0,28679.0,28653.0
2025-12-26 13:10:00,空,28680.0,28682.0,28670.0,28673.0,28678.0,28686.0,28682.0,28682.0
2025-12-29 09:15:00,多,28792.0,28813.0,28780.0,28810.0,28780.0,28780.0,28792.0,28756.0
2025-12-29 09:45:00,多,28843.0,28862.0,28843.0,28857.0,28843.0,28843.0,28852.0,28807.0
2025-12-29 11:50:00,多,28941.0,28964.0,28940.0,28960.0,28940.0,28940.0,28945.0,28929.0
2025-12-29 13:15:00,空,28943.0,28946.0,28914.0,28919.0,28940.0,28962.0,28946.0,28946.0
2025-12-30 09:20:00,空,28742.0,28742.0,28708.0,28712.0,28738.0,28764.0,28742.0,28742.0
2025-12-30 10:10:00,空,28783.0,28790.0,28767.0,28770.0,28779.0,28791.0,28790.0,28790.0
2025-12-30 11:25:00,多,28818.0,28848.0,28810.0,28838.0,28810.0,28810.0,28832.0,28775.0
2025-12-30 12:05:00,多,28888.0,28922.0,28888.0,28917.0,28888.0,28888.0,28898.0,28881.0
2025-12-30 12:35:00,空,28914.0,28915.0,28904.0,28907.0,28910.0,28924.0,28915.0,28915.0
2025-12-30 13:30:00,空,28893.0,28896.0,28866.0,28872.0,28888.0,28909.0,28896.0,28896.0
2025-12-31 09:05:00,多,28851.0,28876.0,28837.0,28874.0,28837.0,28837.0,28851.0,28812.0
2025-12-31 09:45:00,多,28918.0,28953.0,28908.0,28936.0,28908.0,28908.0,28926.0,28883.0
2025-12-31 10:30:00,多,28900.0,28925.0,28896.0,28921.0,28862.0,28877.0,28920.0,28893.0
2025-12-31 11:05:00,多,28986.0,29005.0,28984.0,28998.0,28984.0,28984.0,28994.0,28948.0
2025-12-31 11:45:00,多,29009.0,29022.0,29008.0,29019.0,29008.0,29008.0,29014.0,29002.0
2025-12-31 12:00:00,空,29001.0,29008.0,28985.0,28988.0,28998.0,29012.0,29008.0,29008.0
2025-12-31 12:15:00,多,29004.0,29018.0,29003.0,29012.0,29003.0,29003.0,29008.0,28998.0
2025-12-31 13:15:00,空,29012.0,29017.0,28976.0,28983.0,29005.0,29024.0,29017.0,29017.0
2026-01-02 09:30:00,多,29121.0,29187.0,29121.0,29182.0,29121.0,29121.0,29157.0,29084.0
2026-01-02 10:05:00,多,29250.0,29288.0,29243.0,29273.0,29243.0,29243.0,29257.0,29208.0
2026-01-02 10:20:00,多,29310.0,29350.0,29298.0,29334.0,29298.0,29298.0,29315.0,29293.0
2026-01-02 10:55:00,多,29397.0,29418.0,29394.0,29414.0,29394.0,29394.0,29412.0,29384.0
2026-01-02 12:40:00,多,29458.0,29478.0,29452.0,29476.0,29452.0,29452.0,29474.0,29438.0
2026-01-05 09:05:00,多,29946.0,30005.0,29935.0,29989.0,29935.0,29935.0,29963.0,29884.0
2026-01-05 09:35:00,多,30074.0,30152.0,30071.0,30140.0,30071.0,30071.0,30086.0,30013.0
2026-01-05 10:10:00,多,30222.0,30294.0,30222.0,30294.0,30222.0,30222.0,30280.0,30182.0
2026-01-05 10:25:00,多,30355.0,30385.0,30352.0,30374.0,30352.0,30352.0,30357.0,30328.0
2026-01-05 11:05:00,多,30436.0,30487.0,30425.0,30470.0,30425.0,30425.0,30441.0,30383.0
2026-01-05 11:55:00,空,30382.0,30382.0,30306.0,30310.0,30366.0,30418.0,30382.0,30382.0
2026-01-05 12:10:00,多,30365.0,30384.0,30355.0,30377.0,30355.0,30355.0,30374.0,30351.0
2026-01-05 12:55:00,空,30320.0,30338.0,30290.0,30298.0,30310.0,30374.0,30338.0,30338.0
2026-01-05 13:20:00,空,30282.0,30284.0,30258.0,30262.0,30268.0,30287.0,30284.0,30284.0
2026-01-06 09:20:00,多,30256.0,30331.0,30255.0,30328.0,30255.0,30255.0,30260.0,30246.0
2026-01-06 09:50:00,多,30360.0,30380.0,30352.0,30377.0,30352.0,30352.0,30375.0,30347.0
2026-01-06 10:40:00,多,30428.0,30449.0,30422.0,30448.0,30422.0,30422.0,30430.0,30378.0
2026-01-06 11:00:00,多,30529.0,30596.0,30529.0,30590.0,30529.0,30529.0,30532.0,30497.0
2026-01-06 12:35:00,多,30569.0,30634.0,30567.0,30623.0,30567.0,30567.0,30573.0,30554.0
2026-01-06 13:30:00,多,30645.0,30672.0,30639.0,30666.0,30639.0,30639.0,30646.0,30623.0
2026-01-07 11:20:00,多,30628.0,30652.0,30608.0,30648.0,30608.0,30608.0,30645.0,30518.0
2026-01-07 11:40:00,空,30622.0,30622.0,30591.0,30599.0,30612.0,30629.0,30622.0,30622.0
2026-01-07 12:25:00,空,30558.0,30565.0,30506.0,30514.0,30537.0,30575.0,30565.0,30565.0
2026-01-07 13:20:00,空,30518.0,30527.0,30503.0,30506.0,30508.0,30532.0,30527.0,30527.0
2026-01-12 11:40:00,多,30701.0,30720.0,30701.0,30716.0,30555.0,30683.0,30707.0,30643.0
2026-01-12 12:35:00,空,30675.0,30683.0,30654.0,30655.0,30664.0,30687.0,30683.0,30683.0
2026-01-12 13:00:00,多,30703.0,30722.0,30690.0,30718.0,30690.0,30690.0,30705.0,30677.0
2026-01-13 09:00:00,空,31101.0,31106.0,30950.0,30978.0,31092.0,31187.0,31106.0,31106.0
2026-01-13 09:35:00,空,30916.0,30932.0,30880.0,30891.0,30909.0,30951.0,30932.0,30932.0
2026-01-13 10:15:00,空,30769.0,30780.0,30661.0,30667.0,30709.0,30792.0,30780.0,30780.0
2026-01-13 10:35:00,多,30780.0,30830.0,30771.0,30821.0,30771.0,30771.0,30800.0,30737.0
2026-01-13 11:45:00,空,30777.0,30778.0,30744.0,30754.0,30757.0,30788.0,30778.0,30778.0
2026-01-13 12:50:00,多,30770.0,30805.0,30770.0,30800.0,30770.0,30770.0,30799.0,30759.0
2026-01-13 13:40:00,多,30857.0,30875.0,30852.0,30874.0,30852.0,30852.0,30866.0,30837.0
2026-01-14 10:00:00,多,31025.0,31100.0,31023.0,31096.0,31023.0,31023.0,31045.0,30982.0
2026-01-14 10:35:00,空,31047.0,31049.0,30952.0,30980.0,31043.0,31105.0,31049.0,31049.0
2026-01-14 11:45:00,空,31007.0,31018.0,30986.0,30993.0,30998.0,31046.0,31018.0,31018.0
2026-01-15 10:40:00,空,30793.0,30800.0,30772.0,30776.0,30777.0,30875.0,30800.0,30800.0
2026-01-15 12:05:00,多,30821.0,30840.0,30811.0,30838.0,30811.0,30811.0,30832.0,30797.0
2026-01-15 13:05:00,多,30907.0,30929.0,30907.0,30926.0,30907.0,30907.0,30924.0,30874.0
2026-01-15 13:35:00,多,30991.0,31049.0,30986.0,31034.0,30986.0,30986.0,31032.0,30953.0
2026-01-16 09:20:00,空,31213.0,31247.0,31165.0,31187.0,31200.0,31341.0,31247.0,31247.0
2026-01-16 10:00:00,多,31248.0,31314.0,31248.0,31314.0,31248.0,31248.0,31264.0,31230.0
2026-01-16 10:30:00,多,31351.0,31388.0,31344.0,31379.0,31344.0,31344.0,31355.0,31328.0
2026-01-16 10:55:00,多,31376.0,31409.0,31375.0,31404.0,31375.0,31375.0,31378.0,31368.0
2026-01-16 11:50:00,多,31432.0,31448.0,31425.0,31447.0,31425.0,31425.0,31446.0,31422.0
2026-01-16 12:15:00,多,31483.0,31526.0,31478.0,31512.0,31478.0,31478.0,31484.0,31461.0
2026-01-19 08:55:00,多,31303.0,31327.0,31291.0,31325.0,31291.0,31291.0,31310.0,31276.0
2026-01-19 09:20:00,多,31412.0,31433.0,31396.0,31423.0,31396.0,31396.0,31416.0,31342.0
2026-01-19 09:40:00,空,31429.0,31431.0,31370.0,31399.0,31417.0,31436.0,31431.0,31431.0
2026-01-19 10:15:00,多,31433.0,31448.0,31424.0,31443.0,31424.0,31424.0,31440.0,31400.0
2026-01-19 10:40:00,多,31494.0,31556.0,31480.0,31535.0,31480.0,31480.0,31497.0,31465.0
2026-01-19 11:35:00,多,31552.0,31580.0,31543.0,31578.0,31543.0,31543.0,31555.0,31534.0
2026-01-19 12:20:00,多,31589.0,31635.0,31589.0,31633.0,31589.0,31589.0,31594.0,31584.0
2026-01-19 12:35:00,多,31690.0,31722.0,31657.0,31721.0,31657.0,31657.0,31695.0,31645.0
2026-01-19 13:00:00,空,31720.0,31731.0,31666.0,31686.0,31719.0,31744.0,31731.0,31731.0
2026-01-20 09:10:00,多,31438.0,31509.0,31425.0,31505.0,31425.0,31425.0,31485.0,31382.0
2026-01-20 09:55:00,多,31523.0,31544.0,31515.0,31542.0,31448.0,31527.0,31530.0,31510.0
2026-01-20 10:30:00,多,31637.0,31674.0,31637.0,31668.0,31637.0,31637.0,31646.0,31549.0
2026-01-20 13:15:00,多,31702.0,31723.0,31699.0,31721.0,31611.0,31691.0,31711.0,31696.0
2026-01-21 09:15:00,多,31460.0,31500.0,31448.0,31497.0,31448.0,31448.0,31480.0,31392.0
2026-01-21 09:55:00,空,31590.0,31605.0,31530.0,31536.0,31581.0,31613.0,31605.0,31605.0
2026-01-21 10:20:00,空,31522.0,31526.0,31405.0,31413.0,31482.0,31540.0,31526.0,31526.0
2026-01-21 11:00:00,多,31434.0,31475.0,31428.0,31458.0,31428.0,31428.0,31450.0,31354.0
2026-01-21 11:30:00,空,31409.0,31415.0,31364.0,31370.0,31378.0,31430.0,31415.0,31415.0
2026-01-21 11:55:00,空,31331.0,31340.0,31280.0,31300.0,31327.0,31354.0,31340.0,31340.0
2026-01-21 13:15:00,多,31227.0,31247.0,31224.0,31246.0,31200.0,31290.0,31228.0,31219.0
2026-01-22 09:35:00,多,31965.0,31998.0,31948.0,31988.0,31948.0,31948.0,31970.0,31917.0
2026-01-22 10:05:00,多,31978.0,32008.0,31956.0,32001.0,31956.0,31956.0,31980.0,31932.0
2026-01-22 11:00:00,多,32011.0,32040.0,32011.0,32032.0,31944.0,31999.0,32015.0,31982.0
2026-01-22 11:15:00,空,32000.0,32005.0,31985.0,31990.0,31995.0,32007.0,32005.0,32005.0
2026-01-22 11:50:00,空,32006.0,32011.0,31967.0,31980.0,31997.0,32018.0,32011.0,32011.0
2026-01-22 12:30:00,多,31904.0,31936.0,31897.0,31932.0,31783.0,31917.0,31913.0,31864.0
2026-01-23 09:05:00,多,32089.0,32126.0,32076.0,32122.0,32076.0,32076.0,32093.0,32073.0
2026-01-23 09:20:00,空,32063.0,32077.0,32007.0,32013.0,32054.0,32080.0,32077.0,32077.0
2026-01-23 09:55:00,多,31971.0,31995.0,31944.0,31990.0,31873.0,31890.0,31980.0,31932.0
2026-01-23 10:30:00,多,32035.0,32054.0,32018.0,32050.0,32018.0,32018.0,32038.0,31975.0
2026-01-23 11:05:00,多,32083.0,32121.0,32079.0,32110.0,32079.0,32079.0,32086.0,32053.0
2026-01-23 13:00:00,空,32080.0,32085.0,32065.0,32072.0,32073.0,32102.0,32085.0,32085.0
2026-01-23 13:15:00,多,32098.0,32124.0,32098.0,32119.0,32098.0,32098.0,32101.0,32084.0
2026-01-27 10:00:00,多,32373.0,32419.0,32371.0,32418.0,32371.0,32371.0,32384.0,32259.0
2026-01-27 10:40:00,多,32488.0,32523.0,32483.0,32514.0,32483.0,32483.0,32508.0,32454.0
2026-01-27 11:25:00,多,32492.0,32528.0,32492.0,32514.0,32492.0,32492.0,32502.0,32486.0
2026-01-27 11:55:00,空,32480.0,32484.0,32414.0,32416.0,32463.0,32510.0,32484.0,32484.0
2026-01-27 12:45:00,多,32488.0,32510.0,32484.0,32510.0,32484.0,32484.0,32494.0,32443.0
2026-01-27 13:10:00,空,32473.0,32473.0,32450.0,32453.0,32463.0,32494.0,32473.0,32473.0
2026-01-27 13:40:00,多,32494.0,32509.0,32490.0,32509.0,32490.0,32490.0,32500.0,32458.0
2026-01-28 11:35:00,多,32769.0,32795.0,32766.0,32785.0,32668.0,32766.0,32783.0,32758.0
2026-01-28 11:55:00,空,32758.0,32759.0,32725.0,32739.0,32753.0,32762.0,32759.0,32759.0
2026-01-28 12:25:00,多,32776.0,32804.0,32776.0,32798.0,32776.0,32776.0,32783.0,32759.0
2026-01-28 13:05:00,多,32831.0,32853.0,32824.0,32851.0,32824.0,32824.0,32835.0,32804.0
2026-01-28 13:25:00,多,32901.0,32925.0,32897.0,32923.0,32897.0,32897.0,32918.0,32885.0
2026-01-29 09:20:00,空,32868.0,32888.0,32657.0,32657.0,32863.0,32918.0,32888.0,32888.0
2026-01-29 11:00:00,多,32702.0,32754.0,32695.0,32753.0,32587.0,32726.0,32720.0,32680.0
2026-01-29 11:55:00,多,32756.0,32783.0,32755.0,32782.0,32710.0,32760.0,32779.0,32753.0
2026-01-29 12:40:00,多,32754.0,32775.0,32754.0,32765.0,32713.0,32746.0,32763.0,32745.0
2026-01-29 13:05:00,空,32743.0,32745.0,32695.0,32707.0,32733.0,32800.0,32745.0,32745.0
2026-01-29 13:20:00,多,32739.0,32772.0,32735.0,32769.0,32735.0,32735.0,32750.0,32725.0
2026-01-30 09:05:00,空,32460.0,32460.0,32358.0,32360.0,32389.0,32483.0,32460.0,32460.0
2026-01-30 09:35:00,空,32348.0,32352.0,32229.0,32238.0,32307.0,32390.0,32352.0,32352.0
2026-01-30 10:45:00,多,32187.0,32232.0,32185.0,32224.0,32092.0,32111.0,32211.0,32168.0
2026-01-30 11:00:00,多,32359.0,32412.0,32341.0,32400.0,32341.0,32341.0,32377.0,32290.0
2026-01-30 11:15:00,空,32330.0,32338.0,32279.0,32287.0,32326.0,32363.0,32338.0,32338.0
2026-01-30 13:10:00,空,32340.0,32342.0,32318.0,32325.0,32329.0,32347.0,32342.0,32342.0
2026-02-02 09:10:00,空,31801.0,31801.0,31670.0,31702.0,31706.0,31860.0,31801.0,31801.0
2026-02-02 09:40:00,空,31728.0,31734.0,31590.0,31598.0,31634.0,31744.0,31734.0,31734.0
2026-02-02 10:35:00,多,31572.0,31682.0,31569.0,31656.0,31569.0,31569.0,31652.0,31539.0
2026-02-02 10:50:00,空,31598.0,31598.0,31545.0,31568.0,31591.0,31615.0,31598.0,31598.0
2026-02-02 12:00:00,空,31464.0,31484.0,31402.0,31406.0,31418.0,31502.0,31484.0,31484.0
2026-02-02 12:20:00,多,31529.0,31584.0,31515.0,31576.0,31515.0,31515.0,31533.0,31456.0
2026-02-02 12:40:00,多,31609.0,31661.0,31600.0,31651.0,31600.0,31600.0,31615.0,31592.0
2026-02-03 08:55:00,空,32355.0,32359.0,32309.0,32327.0,32352.0,32362.0,32359.0,32359.0
2026-02-03 09:45:00,空,32322.0,32327.0,32252.0,32275.0,32278.0,32364.0,32327.0,32327.0
2026-02-03 10:10:00,空,32134.0,32138.0,32016.0,32017.0,32113.0,32201.0,32138.0,32138.0
2026-02-04 09:20:00,多,32158.0,32255.0,32158.0,32243.0,32158.0,32158.0,32194.0,32112.0
2026-02-04 10:00:00,多,32379.0,32417.0,32369.0,32408.0,32369.0,32369.0,32380.0,32269.0
2026-02-04 10:20:00,空,32348.0,32376.0,32274.0,32296.0,32348.0,32407.0,32376.0,32376.0
2026-02-04 10:35:00,多,32342.0,32376.0,32336.0,32362.0,32336.0,32336.0,32348.0,32326.0
2026-02-04 11:25:00,多,32393.0,32426.0,32393.0,32416.0,32393.0,32393.0,32405.0,32376.0
2026-02-05 10:00:00,空,32033.0,32041.0,31929.0,31933.0,32020.0,32048.0,32041.0,32041.0
2026-02-05 10:25:00,多,32018.0,32108.0,32011.0,32096.0,32011.0,32011.0,32021.0,31982.0
2026-02-05 10:55:00,空,31995.0,31999.0,31940.0,31950.0,31963.0,32039.0,31999.0,31999.0
2026-02-05 11:45:00,空,31879.0,31880.0,31815.0,31823.0,31827.0,31905.0,31880.0,31880.0
2026-02-05 12:30:00,多,31875.0,31957.0,31871.0,31921.0,31871.0,31871.0,31879.0,31856.0
2026-02-05 13:25:00,空,31889.0,31901.0,31868.0,31868.0,31870.0,31933.0,31901.0,31901.0
2026-02-06 09:15:00,空,31387.0,31394.0,31251.0,31263.0,31270.0,31400.0,31394.0,31394.0
2026-02-06 09:35:00,多,31350.0,31431.0,31329.0,31422.0,31329.0,31329.0,31372.0,31322.0
2026-02-06 09:55:00,多,31542.0,31597.0,31524.0,31591.0,31524.0,31524.0,31550.0,31450.0
2026-02-06 10:25:00,多,31742.0,31828.0,31726.0,31824.0,31726.0,31726.0,31753.0,31710.0
2026-02-06 12:45:00,空,31688.0,31701.0,31663.0,31663.0,31678.0,31782.0,31701.0,31701.0
2026-02-06 13:25:00,多,31700.0,31734.0,31681.0,31733.0,31681.0,31681.0,31715.0,31663.0
2026-02-06 13:40:00,多,31782.0,31807.0,31774.0,31807.0,31774.0,31774.0,31788.0,31772.0
2026-02-09 09:00:00,空,32690.0,32710.0,32592.0,32605.0,32682.0,32735.0,32710.0,32710.0
2026-02-09 10:00:00,多,32626.0,32668.0,32621.0,32665.0,32621.0,32621.0,32634.0,32572.0
2026-02-09 11:45:00,多,32687.0,32703.0,32674.0,32700.0,32674.0,32674.0,32697.0,32667.0
2026-02-09 12:35:00,空,32625.0,32635.0,32594.0,32607.0,32612.0,32665.0,32635.0,32635.0
2026-02-10 09:10:00,多,33051.0,33122.0,33032.0,33122.0,33032.0,33032.0,33052.0,32935.0
2026-02-10 12:05:00,多,33139.0,33175.0,33136.0,33166.0,33136.0,33136.0,33162.0,33095.0
2026-02-10 12:20:00,空,33142.0,33149.0,33120.0,33123.0,33126.0,33161.0,33149.0,33149.0
2026-02-10 13:30:00,多,33179.0,33260.0,33172.0,33258.0,33172.0,33172.0,33192.0,33135.0
2026-02-11 09:25:00,多,33408.0,33474.0,33405.0,33457.0,33405.0,33405.0,33445.0,33349.0
2026-02-11 09:45:00,多,33497.0,33552.0,33496.0,33543.0,33496.0,33496.0,33508.0,33486.0
2026-02-11 10:25:00,多,33616.0,33637.0,33600.0,33636.0,33600.0,33600.0,33616.0,33549.0
2026-02-11 10:50:00,多,33699.0,33773.0,33687.0,33766.0,33687.0,33687.0,33732.0,33651.0
2026-02-11 12:35:00,空,33765.0,33777.0,33731.0,33731.0,33734.0,33814.0,33777.0,33777.0
2026-02-11 12:50:00,多,33776.0,33804.0,33773.0,33799.0,33773.0,33773.0,33785.0,33752.0
2026-02-11 13:15:00,空,33779.0,33781.0,33725.0,33744.0,33774.0,33797.0,33781.0,33781.0
2026-02-24 09:15:00,多,34341.0,34393.0,34326.0,34391.0,34326.0,34326.0,34362.0,34203.0
2026-02-24 10:15:00,多,34586.0,34664.0,34586.0,34658.0,34586.0,34586.0,34595.0,34498.0
2026-02-24 11:30:00,多,34829.0,34878.0,34825.0,34870.0,34825.0,34825.0,34858.0,34746.0
2026-02-24 12:05:00,多,34825.0,34858.0,34819.0,34853.0,34762.0,34828.0,34830.0,34816.0
2026-02-24 13:05:00,多,34910.0,34949.0,34904.0,34942.0,34904.0,34904.0,34914.0,34890.0
2026-02-24 13:25:00,空,34852.0,34855.0,34807.0,34810.0,34814.0,34881.0,34855.0,34855.0
2026-02-25 09:30:00,多,35185.0,35277.0,35180.0,35253.0,35065.0,35182.0,35243.0,35147.0
2026-02-25 10:00:00,多,35333.0,35407.0,35320.0,35397.0,35320.0,35320.0,35383.0,35313.0
2026-02-25 10:20:00,多,35503.0,35573.0,35497.0,35572.0,35497.0,35497.0,35526.0,35474.0
2026-02-25 10:40:00,多,35630.0,35676.0,35603.0,35661.0,35603.0,35603.0,35659.0,35580.0
2026-02-25 11:10:00,空,35623.0,35651.0,35478.0,35481.0,35601.0,35717.0,35651.0,35651.0
2026-02-25 12:05:00,空,35461.0,35478.0,35421.0,35428.0,35450.0,35507.0,35478.0,35478.0
2026-02-25 12:45:00,多,35474.0,35517.0,35457.0,35515.0,35457.0,35457.0,35486.0,35450.0
2026-02-25 13:05:00,多,35523.0,35581.0,35520.0,35577.0,35520.0,35520.0,35524.0,35510.0
2026-02-26 09:20:00,空,35460.0,35476.0,35391.0,35399.0,35409.0,35505.0,35476.0,35476.0
2026-02-26 09:40:00,多,35467.0,35578.0,35457.0,35577.0,35457.0,35457.0,35492.0,35425.0
2026-02-26 10:45:00,多,35651.0,35723.0,35645.0,35717.0,35645.0,35645.0,35663.0,35584.0
2026-02-26 11:10:00,空,35681.0,35697.0,35626.0,35643.0,35653.0,35702.0,35697.0,35697.0
2026-02-26 12:30:00,空,35618.0,35625.0,35553.0,35562.0,35607.0,35660.0,35625.0,35625.0
2026-03-02 09:05:00,多,35076.0,35280.0,35065.0,35237.0,35065.0,35065.0,35094.0,34942.0
2026-03-02 09:45:00,空,35314.0,35323.0,35205.0,35221.0,35300.0,35361.0,35323.0,35323.0
2026-03-02 12:45:00,空,35369.0,35375.0,35301.0,35319.0,35334.0,35407.0,35375.0,35375.0
2026-03-02 13:05:00,空,35331.0,35335.0,35268.0,35274.0,35327.0,35336.0,35335.0,35335.0
2026-03-03 09:30:00,空,35085.0,35132.0,35013.0,35021.0,35085.0,35207.0,35132.0,35132.0
2026-03-03 10:00:00,空,34761.0,34770.0,34535.0,34540.0,34747.0,34937.0,34770.0,34770.0
2026-03-03 12:25:00,空,34541.0,34557.0,34465.0,34479.0,34484.0,34641.0,34557.0,34557.0
2026-03-03 13:30:00,空,34410.0,34419.0,34368.0,34369.0,34400.0,34446.0,34419.0,34419.0
2026-03-04 09:10:00,空,33446.0,33453.0,33294.0,33300.0,33322.0,33486.0,33453.0,33453.0
2026-03-04 09:35:00,多,33309.0,33563.0,33308.0,33511.0,33308.0,33308.0,33333.0,33223.0
2026-03-04 10:05:00,空,33350.0,33361.0,33241.0,33258.0,33260.0,33471.0,33361.0,33361.0
2026-03-04 10:45:00,多,33182.0,33339.0,33164.0,33321.0,33031.0,33186.0,33194.0,33109.0
2026-03-04 11:00:00,空,33155.0,33155.0,33016.0,33040.0,33145.0,33185.0,33155.0,33155.0
2026-03-04 13:25:00,空,32860.0,32866.0,32737.0,32772.0,32777.0,32983.0,32866.0,32866.0
2026-03-05 09:05:00,多,34075.0,34195.0,34069.0,34187.0,34069.0,34069.0,34085.0,33972.0
2026-03-05 09:45:00,空,33981.0,34045.0,33901.0,33905.0,33929.0,34144.0,34045.0,34045.0
2026-03-05 10:20:00,空,33689.0,33713.0,33540.0,33543.0,33564.0,33766.0,33713.0,33713.0
2026-03-05 10:40:00,多,33699.0,33759.0,33640.0,33735.0,33640.0,33640.0,33700.0,33505.0
2026-03-05 11:30:00,空,33684.0,33684.0,33551.0,33566.0,33636.0,33805.0,33684.0,33684.0
2026-03-05 12:35:00,多,33618.0,33725.0,33611.0,33702.0,33611.0,33611.0,33675.0,33534.0
2026-03-06 09:50:00,多,33520.0,33664.0,33511.0,33634.0,33511.0,33511.0,33568.0,33482.0
2026-03-06 10:20:00,多,33782.0,33882.0,33768.0,33855.0,33768.0,33768.0,33834.0,33745.0
2026-03-06 10:35:00,空,33788.0,33792.0,33692.0,33701.0,33777.0,33813.0,33792.0,33792.0
2026-03-06 11:15:00,空,33583.0,33600.0,33527.0,33546.0,33564.0,33658.0,33600.0,33600.0
2026-03-06 11:45:00,多,33593.0,33633.0,33585.0,33621.0,33585.0,33585.0,33597.0,33543.0
2026-03-06 12:20:00,空,33638.0,33645.0,33588.0,33597.0,33615.0,33665.0,33645.0,33645.0
2026-03-06 12:45:00,多,33634.0,33706.0,33631.0,33699.0,33631.0,33631.0,33687.0,33598.0
2026-03-09 11:40:00,空,31716.0,31735.0,31677.0,31684.0,31700.0,31770.0,31735.0,31735.0
2026-03-09 12:25:00,多,31794.0,31829.0,31790.0,31815.0,31790.0,31790.0,31803.0,31737.0
2026-03-09 13:05:00,多,31788.0,31848.0,31781.0,31840.0,31781.0,31781.0,31800.0,31757.0
2026-03-10 08:55:00,空,33094.0,33131.0,33019.0,33032.0,33056.0,33137.0,33131.0,33131.0
2026-03-10 09:45:00,多,33082.0,33165.0,33040.0,33153.0,33040.0,33040.0,33149.0,33037.0
2026-03-10 10:20:00,空,33158.0,33169.0,33091.0,33123.0,33145.0,33205.0,33169.0,33169.0
2026-03-10 10:50:00,空,32952.0,32958.0,32821.0,32821.0,32951.0,33049.0,32958.0,32958.0
2026-03-10 11:25:00,空,32744.0,32746.0,32625.0,32638.0,32693.0,32763.0,32746.0,32746.0
2026-03-10 11:45:00,空,32511.0,32521.0,32374.0,32439.0,32452.0,32538.0,32521.0,32521.0
2026-03-10 12:20:00,多,32561.0,32692.0,32541.0,32669.0,32541.0,32541.0,32578.0,32533.0
2026-03-10 13:35:00,空,32736.0,32742.0,32667.0,32678.0,32694.0,32796.0,32742.0,32742.0
2026-03-11 09:15:00,多,33560.0,33640.0,33550.0,33607.0,33550.0,33550.0,33563.0,33410.0
2026-03-11 10:15:00,多,33646.0,33837.0,33645.0,33833.0,33645.0,33645.0,33709.0,33630.0
2026-03-11 10:50:00,多,33890.0,33935.0,33880.0,33935.0,33880.0,33880.0,33898.0,33844.0
2026-03-11 11:10:00,多,33989.0,34058.0,33981.0,34056.0,33981.0,33981.0,33996.0,33960.0
2026-03-12 09:20:00,多,33693.0,33788.0,33681.0,33769.0,33681.0,33681.0,33716.0,33678.0
2026-03-12 09:35:00,多,33836.0,33897.0,33834.0,33877.0,33834.0,33834.0,33870.0,33819.0
2026-03-12 09:50:00,空,33788.0,33792.0,33643.0,33678.0,33781.0,33844.0,33792.0,33792.0
2026-03-12 10:30:00,空,33608.0,33627.0,33543.0,33550.0,33553.0,33655.0,33627.0,33627.0
2026-03-12 12:25:00,多,33506.0,33582.0,33487.0,33570.0,33487.0,33487.0,33548.0,33436.0
2026-03-13 09:15:00,多,33065.0,33168.0,33063.0,33166.0,33063.0,33063.0,33143.0,32868.0
2026-03-13 09:55:00,多,33242.0,33312.0,33195.0,33312.0,33029.0,33190.0,33255.0,33176.0
2026-03-13 10:20:00,空,33330.0,33365.0,33238.0,33259.0,33320.0,33373.0,33365.0,33365.0
2026-03-13 11:05:00,多,33351.0,33432.0,33318.0,33424.0,33318.0,33318.0,33370.0,33316.0
2026-03-13 11:45:00,多,33323.0,33365.0,33323.0,33354.0,33235.0,33298.0,33338.0,33319.0
2026-03-13 12:10:00,空,33332.0,33348.0,33290.0,33290.0,33323.0,33353.0,33348.0,33348.0
2026-03-13 12:30:00,空,33178.0,33202.0,33140.0,33155.0,33158.0,33266.0,33202.0,33202.0
2026-03-16 09:25:00,空,33265.0,33312.0,33138.0,33151.0,33205.0,33447.0,33312.0,33312.0
2026-03-16 09:45:00,多,33227.0,33392.0,33212.0,33373.0,33212.0,33212.0,33290.0,33188.0
2026-03-16 10:40:00,空,33263.0,33285.0,33211.0,33234.0,33246.0,33328.0,33285.0,33285.0
2026-03-16 11:30:00,多,33361.0,33487.0,33361.0,33480.0,33361.0,33361.0,33385.0,33290.0
2026-03-16 12:30:00,空,33416.0,33421.0,33353.0,33362.0,33410.0,33479.0,33421.0,33421.0
2026-03-17 09:30:00,多,33831.0,33957.0,33824.0,33943.0,33824.0,33824.0,33856.0,33656.0
2026-03-17 09:55:00,多,33852.0,33934.0,33847.0,33931.0,33720.0,33945.0,33863.0,33842.0
2026-03-17 10:15:00,空,33861.0,33875.0,33800.0,33819.0,33829.0,33899.0,33875.0,33875.0
2026-03-17 10:55:00,空,33758.0,33760.0,33702.0,33705.0,33716.0,33835.0,33760.0,33760.0
2026-03-17 11:15:00,多,33788.0,33868.0,33784.0,33855.0,33784.0,33784.0,33788.0,33758.0
2026-03-17 11:35:00,空,33824.0,33832.0,33803.0,33811.0,33812.0,33848.0,33832.0,33832.0
2026-03-17 12:45:00,多,33770.0,33823.0,33763.0,33823.0,33763.0,33763.0,33811.0,33747.0
2026-03-18 09:25:00,空,34317.0,34330.0,34204.0,34206.0,34301.0,34375.0,34330.0,34330.0
2026-03-18 11:35:00,多,34358.0,34421.0,34356.0,34402.0,34356.0,34356.0,34360.0,34207.0
2026-03-18 12:25:00,空,34350.0,34350.0,34291.0,34306.0,34330.0,34382.0,34350.0,34350.0
2026-03-19 10:30:00,多,34024.0,34075.0,34008.0,34073.0,34008.0,34008.0,34055.0,33898.0
2026-03-19 10:50:00,空,33996.0,33996.0,33959.0,33966.0,33987.0,34022.0,33996.0,33996.0
2026-03-19 11:50:00,空,33931.0,33931.0,33889.0,33901.0,33902.0,33947.0,33931.0,33931.0
2026-03-19 12:05:00,空,33850.0,33859.0,33805.0,33812.0,33827.0,33878.0,33859.0,33859.0
2026-03-19 12:40:00,空,33702.0,33703.0,33640.0,33670.0,33676.0,33745.0,33703.0,33703.0
2026-03-19 13:30:00,空,33661.0,33673.0,33622.0,33628.0,33655.0,33698.0,33673.0,33673.0
2026-03-20 09:00:00,多,33762.0,33888.0,33722.0,33829.0,33722.0,33722.0,33765.0,33713.0
2026-03-20 09:15:00,空,33636.0,33645.0,33371.0,33489.0,33630.0,33760.0,33645.0,33645.0
2026-03-20 09:30:00,多,33599.0,33673.0,33583.0,33654.0,33583.0,33583.0,33598.0,33514.0
2026-03-20 09:50:00,空,33728.0,33728.0,33604.0,33631.0,33697.0,33750.0,33728.0,33728.0
2026-03-20 10:40:00,多,33704.0,33792.0,33700.0,33763.0,33700.0,33700.0,33736.0,33670.0
2026-03-20 11:35:00,空,33681.0,33690.0,33608.0,33613.0,33654.0,33743.0,33690.0,33690.0
2026-03-20 12:00:00,多,33622.0,33658.0,33618.0,33642.0,33618.0,33618.0,33624.0,33583.0
2026-03-20 12:15:00,空,33522.0,33537.0,33431.0,33454.0,33519.0,33560.0,33537.0,33537.0
2026-03-20 12:55:00,多,33575.0,33610.0,33568.0,33598.0,33568.0,33568.0,33587.0,33493.0
2026-03-20 13:20:00,多,33571.0,33620.0,33566.0,33598.0,33566.0,33566.0,33595.0,33557.0
2026-03-23 09:10:00,多,32544.0,32680.0,32532.0,32666.0,32532.0,32532.0,32609.0,32364.0
2026-03-23 10:05:00,多,32780.0,32890.0,32748.0,32848.0,32748.0,32748.0,32838.0,32635.0
2026-03-23 10:45:00,空,32569.0,32589.0,32518.0,32533.0,32535.0,32671.0,32589.0,32589.0
2026-03-23 12:00:00,空,32522.0,32560.0,32476.0,32487.0,32507.0,32569.0,32560.0,32560.0
2026-03-23 12:20:00,多,32599.0,32650.0,32586.0,32643.0,32586.0,32586.0,32633.0,32583.0
2026-03-23 13:00:00,多,32628.0,32716.0,32619.0,32679.0,32619.0,32619.0,32649.0,32606.0
2026-03-23 13:30:00,空,32616.0,32621.0,32516.0,32549.0,32585.0,32676.0,32621.0,32621.0
2026-03-24 09:05:00,空,33144.0,33145.0,33058.0,33089.0,33134.0,33213.0,33145.0,33145.0
2026-03-24 09:30:00,空,32940.0,32953.0,32812.0,32845.0,32911.0,33007.0,32953.0,32953.0
2026-03-24 09:50:00,空,32655.0,32696.0,32561.0,32587.0,32604.0,32820.0,32696.0,32696.0
2026-03-24 10:20:00,多,32674.0,32795.0,32620.0,32778.0,32620.0,32620.0,32678.0,32529.0
2026-03-24 11:00:00,空,32687.0,32712.0,32655.0,32664.0,32675.0,32750.0,32712.0,32712.0
2026-03-24 11:55:00,多,32817.0,32873.0,32792.0,32853.0,32792.0,32792.0,32820.0,32746.0
2026-03-24 12:10:00,多,32977.0,32998.0,32966.0,32997.0,32966.0,32966.0,32995.0,32946.0
2026-03-24 13:00:00,空,32889.0,32895.0,32729.0,32732.0,32862.0,32900.0,32895.0,32895.0
2026-03-25 10:05:00,空,33689.0,33694.0,33546.0,33548.0,33568.0,33736.0,33694.0,33694.0
2026-03-25 10:55:00,空,33510.0,33519.0,33468.0,33468.0,33497.0,33554.0,33519.0,33519.0
2026-03-25 11:50:00,多,33542.0,33612.0,33539.0,33593.0,33539.0,33539.0,33560.0,33517.0
2026-03-25 12:05:00,多,33625.0,33650.0,33623.0,33646.0,33623.0,33623.0,33635.0,33622.0
2026-03-25 12:45:00,空,33660.0,33666.0,33618.0,33625.0,33654.0,33696.0,33666.0,33666.0
2026-03-26 08:55:00,空,33773.0,33784.0,33735.0,33736.0,33769.0,33790.0,33784.0,33784.0
2026-03-26 10:10:00,空,33805.0,33822.0,33752.0,33774.0,33793.0,33860.0,33822.0,33822.0
2026-03-26 10:25:00,空,33582.0,33599.0,33506.0,33539.0,33578.0,33672.0,33599.0,33599.0
2026-03-26 11:10:00,多,33590.0,33648.0,33579.0,33626.0,33579.0,33579.0,33605.0,33556.0
2026-03-26 11:35:00,多,33691.0,33717.0,33681.0,33713.0,33681.0,33681.0,33695.0,33633.0
2026-03-26 11:50:00,空,33665.0,33668.0,33630.0,33638.0,33666.0,33680.0,33668.0,33668.0
2026-03-26 12:50:00,空,33622.0,33632.0,33569.0,33570.0,33605.0,33647.0,33632.0,33632.0
2026-03-26 13:25:00,空,33459.0,33464.0,33380.0,33399.0,33436.0,33539.0,33464.0,33464.0
2026-03-27 09:25:00,多,32844.0,32940.0,32805.0,32937.0,32805.0,32805.0,32883.0,32796.0
2026-03-27 09:50:00,空,32931.0,32931.0,32871.0,32883.0,32892.0,32957.0,32931.0,32931.0
2026-03-27 10:30:00,多,32829.0,32926.0,32800.0,32922.0,32704.0,32864.0,32841.0,32771.0
2026-03-27 11:35:00,多,32980.0,33021.0,32975.0,33019.0,32975.0,32975.0,32996.0,32946.0
2026-03-27 12:40:00,多,33024.0,33045.0,33014.0,33045.0,32936.0,32992.0,33035.0,33002.0
2026-03-27 13:00:00,多,33121.0,33170.0,33116.0,33161.0,33116.0,33116.0,33142.0,33079.0
2026-03-30 09:00:00,多,32250.0,32426.0,32220.0,32368.0,32220.0,32220.0,32250.0,32205.0
2026-03-30 10:20:00,空,32329.0,32343.0,32288.0,32294.0,32323.0,32450.0,32343.0,32343.0
2026-03-30 11:05:00,多,32525.0,32626.0,32523.0,32620.0,32523.0,32523.0,32529.0,32335.0
2026-03-30 12:20:00,多,32636.0,32675.0,32636.0,32671.0,32636.0,32636.0,32665.0,32620.0
2026-03-30 12:40:00,空,32630.0,32630.0,32561.0,32574.0,32605.0,32662.0,32630.0,32630.0
2026-03-30 13:25:00,空,32583.0,32584.0,32538.0,32552.0,32575.0,32585.0,32584.0,32584.0
2026-03-31 09:25:00,多,32173.0,32277.0,32162.0,32267.0,31962.0,32180.0,32195.0,32068.0
2026-03-31 11:25:00,空,32181.0,32195.0,32105.0,32111.0,32162.0,32302.0,32195.0,32195.0
2026-03-31 11:40:00,空,32020.0,32036.0,31947.0,31952.0,32014.0,32056.0,32036.0,32036.0
2026-03-31 13:20:00,多,31934.0,31970.0,31926.0,31966.0,31806.0,31888.0,31951.0,31864.0
2026-04-01 09:25:00,多,33103.0,33184.0,33103.0,33153.0,32906.0,33005.0,33130.0,33038.0
2026-04-01 10:00:00,多,33204.0,33293.0,33198.0,33277.0,33198.0,33198.0,33211.0,33163.0
2026-04-01 11:05:00,多,33293.0,33323.0,33273.0,33321.0,33273.0,33273.0,33315.0,33234.0
2026-04-01 12:50:00,多,33342.0,33377.0,33341.0,33369.0,33341.0,33341.0,33347.0,33309.0
2026-04-02 09:15:00,空,33497.0,33507.0,33233.0,33239.0,33376.0,33604.0,33507.0,33507.0
2026-04-02 10:05:00,空,32866.0,32942.0,32767.0,32808.0,32812.0,33116.0,32942.0,32942.0
2026-04-02 11:35:00,空,32704.0,32713.0,32622.0,32632.0,32662.0,32768.0,32713.0,32713.0
2026-04-02 12:10:00,多,32639.0,32690.0,32628.0,32671.0,32628.0,32628.0,32664.0,32614.0
2026-04-02 12:30:00,空,32618.0,32627.0,32593.0,32600.0,32605.0,32648.0,32627.0,32627.0
2026-04-07 09:50:00,空,33122.0,33147.0,33025.0,33037.0,33109.0,33152.0,33147.0,33147.0
2026-04-07 10:30:00,多,33125.0,33165.0,33124.0,33147.0,33124.0,33124.0,33137.0,33098.0
2026-04-07 11:30:00,多,33132.0,33190.0,33129.0,33163.0,33066.0,33144.0,33144.0,33116.0
2026-04-07 12:30:00,多,33150.0,33179.0,33139.0,33166.0,33139.0,33139.0,33162.0,33112.0
2026-04-08 09:35:00,多,34760.0,34797.0,34755.0,34785.0,34755.0,34755.0,34766.0,34628.0
2026-04-08 10:00:00,多,34877.0,34996.0,34877.0,34961.0,34877.0,34877.0,34886.0,34850.0
2026-04-08 11:20:00,空,34948.0,34954.0,34878.0,34889.0,34914.0,34978.0,34954.0,34954.0
2026-04-08 12:05:00,多,34956.0,34987.0,34951.0,34981.0,34951.0,34951.0,34962.0,34908.0
2026-04-08 13:15:00,空,34973.0,34993.0,34960.0,34962.0,34970.0,35012.0,34993.0,34993.0
2026-04-09 09:50:00,多,34884.0,34924.0,34880.0,34908.0,34778.0,34905.0,34902.0,34873.0
2026-04-09 10:50:00,多,34867.0,34915.0,34851.0,34908.0,34756.0,34891.0,34892.0,34847.0
2026-04-09 11:15:00,空,34858.0,34859.0,34828.0,34839.0,34841.0,34871.0,34859.0,34859.0
2026-04-09 13:00:00,空,34811.0,34822.0,34766.0,34772.0,34800.0,34843.0,34822.0,34822.0
2026-04-09 13:20:00,多,34815.0,34856.0,34815.0,34843.0,34815.0,34815.0,34820.0,34804.0
2026-04-10 08:55:00,多,35308.0,35376.0,35303.0,35368.0,35303.0,35303.0,35339.0,35285.0
2026-04-10 09:35:00,多,35426.0,35505.0,35426.0,35491.0,35426.0,35426.0,35487.0,35397.0
2026-04-10 10:10:00,空,35424.0,35427.0,35336.0,35337.0,35372.0,35440.0,35427.0,35427.0
2026-04-10 10:50:00,多,35383.0,35449.0,35383.0,35449.0,35383.0,35383.0,35440.0,35361.0
2026-04-10 12:20:00,多,35467.0,35522.0,35465.0,35520.0,35465.0,35465.0,35511.0,35427.0
2026-04-10 13:25:00,多,35538.0,35563.0,35533.0,35561.0,35533.0,35533.0,35552.0,35513.0
2026-04-13 09:10:00,多,35408.0,35555.0,35402.0,35549.0,35402.0,35402.0,35506.0,35385.0
2026-04-13 10:05:00,空,35561.0,35562.0,35508.0,35515.0,35552.0,35564.0,35562.0,35562.0
2026-04-13 10:55:00,多,35587.0,35652.0,35585.0,35640.0,35585.0,35585.0,35610.0,35527.0
2026-04-13 11:10:00,空,35534.0,35537.0,35480.0,35481.0,35530.0,35568.0,35537.0,35537.0
2026-04-13 13:35:00,空,35476.0,35478.0,35439.0,35446.0,35459.0,35485.0,35478.0,35478.0
2026-04-14 09:05:00,多,36143.0,36207.0,36131.0,36193.0,36131.0,36131.0,36151.0,36088.0
2026-04-14 09:50:00,空,36082.0,36085.0,36014.0,36033.0,36039.0,36193.0,36085.0,36085.0
2026-04-14 10:10:00,多,36113.0,36188.0,36104.0,36183.0,36104.0,36104.0,36120.0,36054.0
2026-04-14 11:10:00,多,36309.0,36336.0,36308.0,36333.0,36308.0,36308.0,36329.0,36145.0
2026-04-14 12:20:00,多,36391.0,36410.0,36391.0,36406.0,36391.0,36391.0,36400.0,36346.0
2026-04-14 13:25:00,空,36386.0,36388.0,36356.0,36362.0,36372.0,36410.0,36388.0,36388.0
2026-04-15 09:15:00,多,36800.0,36840.0,36798.0,36838.0,36798.0,36798.0,36800.0,36713.0
2026-04-15 09:40:00,多,36962.0,36985.0,36934.0,36980.0,36934.0,36934.0,36975.0,36888.0
2026-04-15 11:05:00,空,36968.0,36968.0,36851.0,36891.0,36941.0,37025.0,36968.0,36968.0
2026-04-15 11:25:00,空,36871.0,36878.0,36854.0,36856.0,36867.0,36880.0,36878.0,36878.0
2026-04-15 12:20:00,空,36892.0,36893.0,36842.0,36858.0,36886.0,36901.0,36893.0,36893.0
2026-04-15 12:50:00,空,36726.0,36730.0,36657.0,36681.0,36707.0,36838.0,36730.0,36730.0
2026-04-16 09:20:00,多,37278.0,37339.0,37268.0,37310.0,37086.0,37351.0,37281.0,37218.0
2026-04-16 10:30:00,空,37215.0,37246.0,37154.0,37169.0,37200.0,37269.0,37246.0,37246.0
2026-04-16 11:00:00,多,37207.0,37263.0,37206.0,37254.0,37206.0,37206.0,37217.0,37184.0
2026-04-16 12:10:00,多,37274.0,37329.0,37270.0,37327.0,37270.0,37270.0,37308.0,37249.0
2026-04-16 13:35:00,多,37570.0,37627.0,37562.0,37624.0,37562.0,37562.0,37586.0,37461.0
2026-04-17 09:40:00,空,37239.0,37247.0,37188.0,37190.0,37211.0,37250.0,37247.0,37247.0
2026-04-17 10:15:00,多,37348.0,37379.0,37323.0,37368.0,37323.0,37323.0,37347.0,37277.0
2026-04-17 11:10:00,空,37219.0,37236.0,37188.0,37201.0,37203.0,37291.0,37236.0,37236.0
2026-04-17 13:30:00,空,37125.0,37132.0,37033.0,37052.0,37086.0,37175.0,37132.0,37132.0
2026-04-20 09:40:00,多,37588.0,37650.0,37542.0,37624.0,37542.0,37542.0,37621.0,37458.0
2026-04-20 10:10:00,空,37555.0,37565.0,37470.0,37499.0,37522.0,37602.0,37565.0,37565.0
2026-04-20 10:55:00,多,37591.0,37661.0,37591.0,37654.0,37591.0,37591.0,37642.0,37583.0
2026-04-20 12:00:00,空,37613.0,37614.0,37547.0,37563.0,37589.0,37651.0,37614.0,37614.0
2026-04-20 13:20:00,空,37496.0,37501.0,37463.0,37465.0,37480.0,37531.0,37501.0,37501.0
2026-04-20 13:40:00,空,37319.0,37321.0,37209.0,37254.0,37295.0,37370.0,37321.0,37321.0
2026-04-21 10:05:00,多,37887.0,37964.0,37878.0,37954.0,37647.0,37989.0,37927.0,37819.0
2026-04-21 13:00:00,多,38037.0,38090.0,38026.0,38090.0,37922.0,37975.0,38076.0,37991.0
2026-04-21 13:25:00,空,38093.0,38107.0,38026.0,38027.0,38082.0,38114.0,38107.0,38107.0
2026-04-22 09:35:00,多,38192.0,38275.0,38169.0,38249.0,38169.0,38169.0,38209.0,38100.0
2026-04-22 11:30:00,多,38281.0,38361.0,38279.0,38360.0,38279.0,38279.0,38346.0,38235.0
2026-04-22 11:55:00,空,38232.0,38247.0,38203.0,38205.0,38222.0,38292.0,38247.0,38247.0
2026-04-22 12:45:00,多,38203.0,38237.0,38203.0,38231.0,38143.0,38180.0,38219.0,38190.0
2026-04-22 13:20:00,多,38217.0,38256.0,38207.0,38246.0,38207.0,38207.0,38245.0,38188.0
2026-04-23 09:05:00,多,38849.0,38936.0,38781.0,38932.0,38781.0,38781.0,38874.0,38632.0
2026-04-23 09:40:00,空,38822.0,38861.0,38711.0,38724.0,38765.0,38865.0,38861.0,38861.0
2026-04-23 10:05:00,空,38396.0,38397.0,38205.0,38217.0,38384.0,38515.0,38397.0,38397.0
2026-04-23 11:10:00,空,37579.0,37644.0,37486.0,37505.0,37555.0,37701.0,37644.0,37644.0
2026-04-23 11:50:00,多,37561.0,37664.0,37551.0,37645.0,37551.0,37551.0,37581.0,37546.0
2026-04-23 12:30:00,多,37763.0,37832.0,37742.0,37827.0,37742.0,37742.0,37793.0,37712.0
2026-04-23 13:00:00,多,37995.0,38038.0,37991.0,38037.0,37991.0,37991.0,37999.0,37903.0
2026-04-24 09:05:00,多,38515.0,38636.0,38505.0,38620.0,38505.0,38505.0,38543.0,38424.0
2026-04-24 09:25:00,多,38670.0,38781.0,38640.0,38746.0,38640.0,38640.0,38675.0,38618.0
2026-04-24 09:50:00,多,38979.0,39050.0,38953.0,39050.0,38953.0,38953.0,38984.0,38753.0
2026-04-24 10:20:00,空,38829.0,38843.0,38556.0,38560.0,38771.0,38962.0,38843.0,38843.0
2026-04-24 11:15:00,多,38738.0,38810.0,38723.0,38791.0,38723.0,38723.0,38773.0,38586.0
2026-04-24 12:10:00,多,38875.0,38953.0,38860.0,38925.0,38860.0,38860.0,38879.0,38836.0
2026-04-24 12:40:00,多,38989.0,39029.0,38962.0,39029.0,38962.0,38962.0,39025.0,38920.0
2026-04-27 09:20:00,多,40272.0,40458.0,40272.0,40431.0,40272.0,40272.0,40355.0,40004.0
2026-04-27 10:15:00,多,40253.0,40384.0,40246.0,40339.0,39958.0,40151.0,40338.0,40183.0
2026-04-27 10:40:00,空,40188.0,40207.0,40105.0,40128.0,40156.0,40275.0,40207.0,40207.0
2026-04-27 11:40:00,多,40201.0,40241.0,40185.0,40241.0,40185.0,40185.0,40218.0,40158.0
2026-04-27 13:00:00,空,40162.0,40170.0,40070.0,40086.0,40113.0,40202.0,40170.0,40170.0
2026-04-27 13:25:00,空,40066.0,40079.0,39954.0,39955.0,40021.0,40082.0,40079.0,40079.0
2026-04-28 09:15:00,多,39995.0,40176.0,39995.0,40128.0,39995.0,39995.0,40016.0,39958.0
2026-04-28 09:35:00,多,40228.0,40317.0,40197.0,40308.0,40197.0,40197.0,40286.0,40166.0
2026-04-28 09:55:00,空,40106.0,40143.0,39968.0,39979.0,40080.0,40232.0,40143.0,40143.0
2026-04-28 11:50:00,空,39938.0,39938.0,39883.0,39892.0,39911.0,40018.0,39938.0,39938.0
2026-04-28 12:15:00,多,39962.0,40020.0,39960.0,40006.0,39960.0,39960.0,39988.0,39956.0
2026-04-28 12:50:00,空,39995.0,40012.0,39956.0,39966.0,39980.0,40048.0,40012.0,40012.0
2026-04-28 13:05:00,空,39951.0,39952.0,39853.0,39864.0,39936.0,39956.0,39952.0,39952.0
2026-04-29 09:05:00,空,39350.0,39377.0,39123.0,39158.0,39305.0,39388.0,39377.0,39377.0
2026-04-29 09:35:00,多,39440.0,39482.0,39394.0,39467.0,39394.0,39394.0,39459.0,39346.0
2026-04-29 10:20:00,空,39400.0,39401.0,39310.0,39320.0,39350.0,39415.0,39401.0,39401.0
2026-04-29 11:05:00,多,39449.0,39500.0,39440.0,39484.0,39440.0,39440.0,39456.0,39331.0
2026-04-29 11:45:00,多,39567.0,39608.0,39564.0,39592.0,39564.0,39564.0,39587.0,39550.0
2026-04-29 12:55:00,空,39597.0,39602.0,39529.0,39541.0,39583.0,39640.0,39602.0,39602.0
2026-04-29 13:15:00,空,39502.0,39509.0,39448.0,39450.0,39492.0,39513.0,39509.0,39509.0
2026-04-30 09:35:00,空,39667.0,39678.0,39455.0,39555.0,39574.0,39684.0,39678.0,39678.0
2026-04-30 09:55:00,多,39729.0,39836.0,39694.0,39805.0,39694.0,39694.0,39776.0,39659.0
2026-04-30 10:20:00,空,39700.0,39716.0,39557.0,39619.0,39687.0,39720.0,39716.0,39716.0
2026-04-30 12:25:00,空,39467.0,39498.0,39409.0,39417.0,39438.0,39541.0,39498.0,39498.0
2026-04-30 13:10:00,多,39429.0,39502.0,39421.0,39492.0,39421.0,39421.0,39450.0,39344.0
2026-05-04 09:40:00,多,40431.0,40599.0,40423.0,40592.0,40423.0,40423.0,40565.0,40321.0
2026-05-04 10:30:00,多,40696.0,40792.0,40690.0,40783.0,40690.0,40690.0,40732.0,40638.0
2026-05-04 12:30:00,多,40980.0,41012.0,40968.0,41005.0,40968.0,40968.0,41000.0,40875.0
2026-05-05 11:25:00,多,40936.0,41009.0,40931.0,41009.0,40798.0,40962.0,40960.0,40865.0
2026-05-05 12:55:00,空,41018.0,41022.0,40986.0,40993.0,41010.0,41038.0,41022.0,41022.0
2026-05-06 09:10:00,多,41836.0,41955.0,41819.0,41944.0,41819.0,41819.0,41866.0,41705.0
2026-05-06 09:40:00,空,41795.0,41812.0,41708.0,41712.0,41756.0,41844.0,41812.0,41812.0
2026-05-06 10:00:00,空,41404.0,41407.0,41220.0,41221.0,41233.0,41453.0,41407.0,41407.0
2026-05-06 12:45:00,多,41407.0,41456.0,41401.0,41447.0,41401.0,41401.0,41441.0,41339.0
2026-05-06 13:10:00,多,41436.0,41498.0,41431.0,41491.0,41431.0,41431.0,41438.0,41426.0
2026-05-07 09:40:00,多,42291.0,42375.0,42246.0,42360.0,42246.0,42246.0,42298.0,42120.0
2026-05-07 10:10:00,空,42340.0,42352.0,42231.0,42254.0,42274.0,42367.0,42352.0,42352.0
2026-05-07 11:40:00,多,42386.0,42418.0,42366.0,42416.0,42237.0,42350.0,42387.0,42312.0
2026-05-07 12:00:00,空,42364.0,42372.0,42334.0,42346.0,42355.0,42388.0,42372.0,42372.0
2026-05-07 13:10:00,多,42359.0,42387.0,42359.0,42387.0,42359.0,42359.0,42371.0,42328.0
2026-05-08 09:30:00,多,42267.0,42326.0,42240.0,42302.0,42240.0,42240.0,42297.0,42149.0
2026-05-08 10:00:00,空,42175.0,42200.0,42088.0,42111.0,42172.0,42245.0,42200.0,42200.0
2026-05-08 10:45:00,多,41859.0,41981.0,41844.0,41967.0,41539.0,41880.0,41900.0,41781.0
2026-05-08 12:40:00,空,41891.0,41900.0,41814.0,41817.0,41849.0,41918.0,41900.0,41900.0
2026-05-08 12:55:00,多,41911.0,41938.0,41897.0,41933.0,41897.0,41897.0,41929.0,41876.0
2026-05-11 09:35:00,多,42083.0,42148.0,42045.0,42143.0,41802.0,42162.0,42142.0,41981.0
2026-05-11 10:55:00,多,42047.0,42108.0,42047.0,42094.0,41897.0,42006.0,42060.0,41971.0
2026-05-11 12:25:00,多,42146.0,42191.0,42144.0,42180.0,42144.0,42144.0,42163.0,42061.0
2026-05-11 13:05:00,空,42151.0,42156.0,42108.0,42117.0,42121.0,42158.0,42156.0,42156.0
2026-05-11 13:35:00,空,42074.0,42075.0,41992.0,42001.0,42033.0,42088.0,42075.0,42075.0
2026-05-12 09:25:00,空,42103.0,42118.0,41917.0,42008.0,42013.0,42192.0,42118.0,42118.0
2026-05-12 10:10:00,多,41898.0,41993.0,41890.0,41976.0,41607.0,41815.0,41905.0,41841.0
2026-05-12 11:05:00,多,42015.0,42136.0,42006.0,42132.0,42006.0,42006.0,42112.0,41950.0
2026-05-12 12:00:00,多,42120.0,42195.0,42117.0,42191.0,42117.0,42117.0,42165.0,42116.0
2026-05-12 12:55:00,空,42137.0,42144.0,42050.0,42051.0,42115.0,42187.0,42144.0,42144.0
2026-05-12 13:25:00,空,41986.0,41993.0,41910.0,41917.0,41973.0,42081.0,41993.0,41993.0
2026-05-13 09:00:00,多,41220.0,41324.0,41168.0,41323.0,41168.0,41168.0,41245.0,41164.0
2026-05-13 09:20:00,空,41259.0,41285.0,41156.0,41177.0,41200.0,41290.0,41285.0,41285.0
2026-05-13 10:10:00,空,41335.0,41343.0,41274.0,41301.0,41329.0,41431.0,41343.0,41343.0
2026-05-13 10:40:00,空,41303.0,41306.0,41192.0,41217.0,41304.0,41361.0,41306.0,41306.0
2026-05-13 11:15:00,多,41223.0,41332.0,41216.0,41313.0,41216.0,41216.0,41235.0,41201.0
2026-05-13 11:30:00,多,41387.0,41446.0,41374.0,41442.0,41374.0,41374.0,41400.0,41353.0
2026-05-13 11:55:00,空,41440.0,41461.0,41406.0,41415.0,41440.0,41468.0,41461.0,41461.0
2026-05-13 13:10:00,多,41510.0,41582.0,41500.0,41580.0,41500.0,41500.0,41546.0,41443.0
2026-05-14 09:00:00,多,41997.0,42179.0,41992.0,42170.0,41992.0,41992.0,41997.0,41958.0
2026-05-14 09:40:00,空,41877.0,41905.0,41760.0,41788.0,41811.0,42131.0,41905.0,41905.0
2026-05-14 10:45:00,空,41700.0,41715.0,41596.0,41608.0,41655.0,41764.0,41715.0,41715.0
2026-05-14 12:10:00,多,41680.0,41744.0,41680.0,41737.0,41680.0,41680.0,41720.0,41623.0
2026-05-14 12:25:00,多,41769.0,41793.0,41752.0,41789.0,41752.0,41752.0,41771.0,41745.0
2026-05-14 13:05:00,空,41723.0,41729.0,41625.0,41640.0,41689.0,41800.0,41729.0,41729.0
2026-05-15 09:25:00,空,42202.0,42217.0,42043.0,42078.0,42087.0,42288.0,42217.0,42217.0
2026-05-15 09:50:00,空,41941.0,41954.0,41783.0,41846.0,41892.0,42038.0,41954.0,41954.0
2026-05-15 11:30:00,空,41623.0,41633.0,41505.0,41511.0,41550.0,41644.0,41633.0,41633.0
2026-05-15 12:25:00,空,41540.0,41562.0,41457.0,41464.0,41509.0,41623.0,41562.0,41562.0
2026-05-15 12:45:00,空,41401.0,41408.0,41308.0,41325.0,41401.0,41430.0,41408.0,41408.0
2026-05-15 13:35:00,空,41111.0,41118.0,41030.0,41067.0,41077.0,41286.0,41118.0,41118.0
2026-05-18 08:55:00,多,40428.0,40532.0,40421.0,40508.0,40421.0,40421.0,40458.0,40417.0
2026-05-18 10:10:00,多,40565.0,40711.0,40532.0,40697.0,40532.0,40532.0,40682.0,40458.0
2026-05-18 10:50:00,空,40740.0,40742.0,40600.0,40660.0,40737.0,40762.0,40742.0,40742.0
2026-05-18 11:05:00,多,40700.0,40773.0,40680.0,40751.0,40680.0,40680.0,40738.0,40670.0
2026-05-18 12:05:00,多,40753.0,40868.0,40753.0,40860.0,40753.0,40753.0,40840.0,40747.0
2026-05-18 12:25:00,空,40843.0,40843.0,40757.0,40770.0,40825.0,40847.0,40843.0,40843.0
2026-05-18 13:15:00,空,40865.0,40867.0,40815.0,40839.0,40848.0,40901.0,40867.0,40867.0
2026-05-19 09:55:00,空,40655.0,40660.0,40577.0,40583.0,40620.0,40770.0,40660.0,40660.0
2026-05-19 11:55:00,空,40447.0,40447.0,40365.0,40402.0,40404.0,40519.0,40447.0,40447.0
2026-05-20 09:10:00,多,40150.0,40319.0,40150.0,40285.0,40150.0,40150.0,40219.0,40120.0
2026-05-20 09:30:00,空,40125.0,40131.0,40027.0,40064.0,40125.0,40226.0,40131.0,40131.0
2026-05-20 09:45:00,多,40245.0,40291.0,40199.0,40279.0,40199.0,40199.0,40250.0,40159.0
2026-05-20 10:15:00,多,40294.0,40349.0,40256.0,40330.0,40256.0,40256.0,40296.0,40255.0
2026-05-20 10:40:00,空,40172.0,40187.0,40080.0,40090.0,40118.0,40280.0,40187.0,40187.0
2026-05-20 11:35:00,空,39981.0,39988.0,39901.0,39914.0,39942.0,40070.0,39988.0,39988.0
2026-05-20 11:55:00,多,39992.0,40081.0,39971.0,40070.0,39971.0,39971.0,39992.0,39960.0
2026-05-20 12:40:00,空,40090.0,40101.0,39988.0,39995.0,40021.0,40117.0,40101.0,40101.0
2026-05-21 09:05:00,多,41164.0,41280.0,41164.0,41280.0,41164.0,41164.0,41176.0,41093.0
2026-05-21 09:25:00,多,41359.0,41463.0,41344.0,41431.0,41344.0,41344.0,41430.0,41342.0
2026-05-21 11:10:00,多,41548.0,41614.0,41545.0,41594.0,41545.0,41545.0,41555.0,41478.0
2026-05-21 13:10:00,空,41607.0,41607.0,41564.0,41566.0,41599.0,41624.0,41607.0,41607.0
2026-05-21 13:40:00,空,41530.0,41539.0,41459.0,41473.0,41505.0,41558.0,41539.0,41539.0
2026-05-22 09:00:00,空,41915.0,41960.0,41806.0,41841.0,41890.0,41984.0,41960.0,41960.0
2026-05-22 09:45:00,多,42045.0,42109.0,42014.0,42097.0,42014.0,42014.0,42072.0,41916.0
2026-05-22 10:55:00,空,42076.0,42080.0,42037.0,42050.0,42063.0,42086.0,42080.0,42080.0
2026-05-22 11:25:00,多,41996.0,42067.0,41982.0,42062.0,41858.0,42001.0,41996.0,41972.0
2026-05-22 12:00:00,多,42182.0,42296.0,42182.0,42280.0,42182.0,42182.0,42199.0,42158.0
2026-05-22 12:50:00,多,42400.0,42452.0,42392.0,42439.0,42392.0,42392.0,42400.0,42363.0
2026-05-25 09:05:00,多,43563.0,43743.0,43554.0,43681.0,43554.0,43554.0,43573.0,43338.0
2026-05-25 09:25:00,多,43765.0,43895.0,43765.0,43874.0,43765.0,43765.0,43820.0,43718.0
2026-05-25 11:45:00,空,43703.0,43722.0,43641.0,43653.0,43700.0,43938.0,43722.0,43722.0
2026-05-25 13:25:00,多,43797.0,43858.0,43774.0,43858.0,43774.0,43774.0,43833.0,43740.0
2026-05-26 09:35:00,空,43915.0,43915.0,43687.0,43704.0,43863.0,44002.0,43915.0,43915.0
2026-05-26 10:20:00,空,43824.0,43846.0,43774.0,43775.0,43777.0,43881.0,43846.0,43846.0
2026-05-26 10:45:00,空,43836.0,43838.0,43785.0,43801.0,43820.0,43888.0,43838.0,43838.0
2026-05-26 13:30:00,多,43811.0,43868.0,43808.0,43862.0,43696.0,43825.0,43858.0,43770.0
2026-05-27 08:55:00,多,44633.0,44700.0,44612.0,44697.0,44612.0,44612.0,44662.0,44586.0
2026-05-27 09:20:00,多,44943.0,45150.0,44928.0,45129.0,44928.0,44928.0,45028.0,44922.0
2026-05-27 10:20:00,多,44936.0,45030.0,44934.0,45030.0,44658.0,44778.0,45008.0,44816.0
2026-05-27 10:40:00,多,45071.0,45123.0,45061.0,45119.0,45061.0,45061.0,45075.0,45051.0
2026-05-27 11:45:00,空,45049.0,45057.0,44944.0,44945.0,45012.0,45101.0,45057.0,45057.0
2026-05-27 12:10:00,空,44905.0,44915.0,44803.0,44803.0,44873.0,44916.0,44915.0,44915.0
2026-05-27 12:25:00,空,44471.0,44532.0,44370.0,44382.0,44418.0,44579.0,44532.0,44532.0
2026-05-27 12:50:00,多,44628.0,44688.0,44577.0,44682.0,44577.0,44577.0,44653.0,44529.0
2026-05-27 13:40:00,多,44724.0,44818.0,44722.0,44798.0,44722.0,44722.0,44766.0,44655.0
2026-05-28 09:55:00,多,45148.0,45326.0,45140.0,45304.0,45140.0,45140.0,45198.0,45068.0
2026-05-28 10:10:00,空,45024.0,45042.0,44949.0,44959.0,45005.0,45092.0,45042.0,45042.0
2026-05-28 11:15:00,空,44853.0,44880.0,44756.0,44759.0,44794.0,44883.0,44880.0,44880.0
2026-05-28 11:30:00,空,44433.0,44451.0,43905.0,43918.0,44433.0,44612.0,44451.0,44451.0
2026-05-28 12:50:00,空,43689.0,43757.0,43642.0,43652.0,43660.0,43945.0,43757.0,43757.0
2026-05-29 09:40:00,多,44930.0,45105.0,44930.0,45104.0,44930.0,44930.0,44992.0,44860.0
2026-05-29 10:05:00,多,45078.0,45178.0,45052.0,45137.0,45052.0,45052.0,45096.0,45022.0
2026-05-29 11:45:00,多,45194.0,45290.0,45181.0,45255.0,45181.0,45181.0,45210.0,45130.0
2026-05-29 12:15:00,多,45303.0,45320.0,45282.0,45312.0,45282.0,45282.0,45305.0,45273.0
2026-05-29 13:00:00,多,45389.0,45471.0,45384.0,45448.0,45384.0,45384.0,45428.0,45318.0
2026-05-29 13:25:00,空,45352.0,45415.0,45315.0,45327.0,45333.0,45429.0,45415.0,45415.0
2026-06-01 09:30:00,多,45890.0,46030.0,45878.0,45988.0,45878.0,45878.0,45966.0,45516.0
2026-06-01 09:55:00,多,46098.0,46160.0,46098.0,46134.0,46098.0,46098.0,46125.0,46050.0
2026-06-01 10:25:00,多,46363.0,46465.0,46270.0,46450.0,46270.0,46270.0,46365.0,46118.0
2026-06-01 10:45:00,空,46207.0,46212.0,46069.0,46103.0,46133.0,46274.0,46212.0,46212.0
2026-06-02 11:15:00,空,45643.0,45669.0,45522.0,45540.0,45583.0,46041.0,45669.0,45669.0
2026-06-02 11:45:00,多,45642.0,45742.0,45623.0,45742.0,45623.0,45623.0,45669.0,45545.0
2026-06-02 12:45:00,多,45807.0,45925.0,45799.0,45897.0,45799.0,45799.0,45882.0,45759.0
2026-06-02 13:00:00,多,45995.0,46050.0,45947.0,46048.0,45947.0,45947.0,46007.0,45932.0
2026-06-04 10:10:00,空,46240.0,46258.0,46179.0,46185.0,46192.0,46424.0,46258.0,46258.0
2026-06-04 11:05:00,多,46346.0,46426.0,46345.0,46405.0,46345.0,46345.0,46389.0,46249.0
2026-06-04 11:40:00,空,46521.0,46523.0,46408.0,46422.0,46485.0,46531.0,46523.0,46523.0
2026-06-04 12:10:00,多,46439.0,46486.0,46439.0,46486.0,46439.0,46439.0,46485.0,46431.0
2026-06-04 13:20:00,空,46389.0,46391.0,46281.0,46298.0,46366.0,46488.0,46391.0,46391.0
2026-06-05 09:10:00,空,45288.0,45320.0,45108.0,45148.0,45280.0,45529.0,45320.0,45320.0
2026-06-05 09:50:00,多,45252.0,45444.0,45206.0,45380.0,45206.0,45206.0,45335.0,44971.0
2026-06-05 10:25:00,多,45637.0,45774.0,45629.0,45725.0,45629.0,45629.0,45658.0,45460.0
2026-06-05 11:25:00,空,45577.0,45582.0,45404.0,45412.0,45516.0,45650.0,45582.0,45582.0
2026-06-05 11:50:00,空,45265.0,45270.0,45145.0,45178.0,45266.0,45403.0,45270.0,45270.0
2026-06-05 13:35:00,多,45260.0,45386.0,45260.0,45352.0,45260.0,45260.0,45337.0,45243.0
2026-06-08 09:05:00,多,42960.0,43256.0,42870.0,43203.0,42870.0,42870.0,42991.0,42698.0
2026-06-08 10:00:00,多,43225.0,43386.0,43205.0,43349.0,43205.0,43205.0,43248.0,43050.0
2026-06-08 11:15:00,空,43434.0,43496.0,43300.0,43351.0,43376.0,43503.0,43496.0,43496.0
2026-06-08 12:20:00,空,43421.0,43421.0,43325.0,43328.0,43392.0,43560.0,43421.0,43421.0
2026-06-08 13:25:00,空,43440.0,43449.0,43255.0,43289.0,43388.0,43474.0,43449.0,43449.0
2026-06-09 09:35:00,多,43974.0,44145.0,43972.0,44143.0,43972.0,43972.0,44088.0,43830.0
2026-06-09 10:40:00,多,44275.0,44406.0,44272.0,44402.0,44272.0,44272.0,44360.0,44228.0
2026-06-09 11:15:00,多,44441.0,44499.0,44436.0,44487.0,44436.0,44436.0,44441.0,44389.0
2026-06-09 11:30:00,多,44537.0,44566.0,44511.0,44563.0,44511.0,44511.0,44551.0,44508.0
2026-06-09 12:30:00,多,44650.0,44709.0,44627.0,44705.0,44627.0,44627.0,44650.0,44610.0
2026-06-09 13:15:00,空,44635.0,44637.0,44577.0,44579.0,44593.0,44672.0,44637.0,44637.0
2026-06-10 08:55:00,多,44002.0,44095.0,43924.0,44092.0,43924.0,43924.0,44025.0,43847.0
2026-06-10 10:00:00,空,43973.0,44049.0,43877.0,43896.0,43913.0,44324.0,44049.0,44049.0
2026-06-10 11:35:00,空,43953.0,43954.0,43813.0,43881.0,43928.0,44000.0,43954.0,43954.0
2026-06-10 12:05:00,空,43733.0,43763.0,43503.0,43601.0,43721.0,43816.0,43763.0,43763.0
2026-06-10 12:30:00,空,43566.0,43571.0,43360.0,43443.0,43561.0,43578.0,43571.0,43571.0
2026-06-10 13:20:00,空,43257.0,43273.0,43215.0,43219.0,43233.0,43399.0,43273.0,43273.0
2026-06-11 09:10:00,多,43096.0,43444.0,43095.0,43442.0,43095.0,43095.0,43267.0,42946.0
2026-06-11 09:50:00,空,43056.0,43076.0,42903.0,42974.0,42980.0,43279.0,43076.0,43076.0
2026-06-11 10:20:00,空,42604.0,42691.0,42302.0,42401.0,42550.0,42761.0,42691.0,42691.0
2026-06-11 10:55:00,多,42572.0,42741.0,42559.0,42693.0,42559.0,42559.0,42635.0,42429.0
2026-06-11 11:30:00,多,42713.0,42969.0,42678.0,42915.0,42678.0,42678.0,42717.0,42674.0
2026-06-11 11:55:00,多,43048.0,43200.0,43026.0,43184.0,43026.0,43026.0,43093.0,43020.0
2026-06-11 12:40:00,多,43270.0,43363.0,43232.0,43334.0,43232.0,43232.0,43287.0,43159.0
2026-06-11 13:20:00,空,43177.0,43189.0,43130.0,43130.0,43138.0,43260.0,43189.0,43189.0
2026-06-12 09:05:00,空,44593.0,44614.0,44475.0,44477.0,44577.0,44694.0,44614.0,44614.0
2026-06-12 09:25:00,空,44297.0,44297.0,44075.0,44076.0,44245.0,44364.0,44297.0,44297.0
2026-06-12 10:05:00,多,44372.0,44429.0,44339.0,44425.0,44339.0,44339.0,44387.0,44200.0
2026-06-15 09:05:00,空,45743.0,45751.0,45510.0,45543.0,45654.0,45801.0,45751.0,45751.0
2026-06-15 09:35:00,多,45616.0,45720.0,45602.0,45680.0,45602.0,45602.0,45661.0,45497.0
2026-06-15 10:55:00,多,45650.0,45705.0,45650.0,45694.0,45488.0,45655.0,45659.0,45608.0
2026-06-15 11:45:00,空,45587.0,45619.0,45559.0,45560.0,45570.0,45641.0,45619.0,45619.0
2026-06-15 12:15:00,多,45581.0,45618.0,45575.0,45616.0,45575.0,45575.0,45587.0,45572.0
2026-06-15 13:05:00,多,45641.0,45652.0,45612.0,45650.0,45612.0,45612.0,45647.0,45580.0
2026-06-16 09:05:00,空,45857.0,45881.0,45524.0,45539.0,45822.0,45917.0,45881.0,45881.0
2026-06-16 11:30:00,多,45774.0,45851.0,45770.0,45833.0,45770.0,45770.0,45807.0,45657.0
2026-06-16 12:50:00,空,45788.0,45803.0,45748.0,45761.0,45779.0,45864.0,45803.0,45803.0
2026-06-16 13:25:00,多,45813.0,45879.0,45813.0,45879.0,45813.0,45813.0,45859.0,45807.0
2026-06-17 09:25:00,多,45402.0,45474.0,45402.0,45460.0,45402.0,45402.0,45452.0,45380.0
2026-06-17 09:40:00,空,45445.0,45455.0,45367.0,45386.0,45394.0,45459.0,45455.0,45455.0
2026-06-17 11:10:00,空,45406.0,45426.0,45263.0,45280.0,45400.0,45449.0,45426.0,45426.0
2026-06-17 11:35:00,多,45331.0,45428.0,45313.0,45406.0,45313.0,45313.0,45358.0,45276.0
2026-06-17 12:15:00,多,45502.0,45625.0,45502.0,45618.0,45502.0,45502.0,45504.0,45448.0
2026-06-17 12:40:00,空,45559.0,45561.0,45495.0,45501.0,45540.0,45663.0,45561.0,45561.0
2026-06-17 13:05:00,多,45643.0,45697.0,45613.0,45674.0,45613.0,45613.0,45666.0,45577.0
2026-06-18 10:10:00,多,46517.0,46608.0,46481.0,46603.0,46481.0,46481.0,46547.0,46475.0
2026-06-18 10:25:00,空,46580.0,46589.0,46480.0,46495.0,46578.0,46598.0,46589.0,46589.0
2026-06-18 11:10:00,空,46438.0,46443.0,46343.0,46364.0,46374.0,46466.0,46443.0,46443.0
2026-06-18 12:10:00,空,46381.0,46388.0,46296.0,46299.0,46345.0,46419.0,46388.0,46388.0
2026-06-18 12:45:00,多,46351.0,46386.0,46329.0,46385.0,46329.0,46329.0,46374.0,46321.0
2026-06-18 13:05:00,多,46485.0,46555.0,46473.0,46545.0,46473.0,46473.0,46495.0,46451.0
2026-06-18 13:35:00,多,46642.0,46680.0,46627.0,46672.0,46627.0,46627.0,46657.0,46576.0
2026-06-22 08:55:00,多,47652.0,47721.0,47619.0,47690.0,47619.0,47619.0,47659.0,47518.0
2026-06-22 09:15:00,多,47796.0,47967.0,47750.0,47921.0,47750.0,47750.0,47891.0,47746.0
2026-06-22 09:35:00,多,48108.0,48174.0,48070.0,48165.0,48070.0,48070.0,48108.0,48038.0
2026-06-22 10:05:00,多,48103.0,48221.0,48103.0,48200.0,48103.0,48103.0,48130.0,48049.0
2026-06-22 12:55:00,多,48215.0,48263.0,48205.0,48246.0,48027.0,48163.0,48243.0,48158.0
2026-06-22 13:25:00,多,48337.0,48402.0,48320.0,48402.0,48320.0,48320.0,48368.0,48266.0
2026-06-23 09:45:00,空,48121.0,48136.0,47960.0,47983.0,48087.0,48206.0,48136.0,48136.0
2026-06-23 11:05:00,空,48031.0,48057.0,47903.0,47903.0,47932.0,48139.0,48057.0,48057.0
2026-06-23 11:35:00,空,47804.0,47826.0,47668.0,47702.0,47766.0,47879.0,47826.0,47826.0
2026-06-23 11:55:00,多,47970.0,48061.0,47938.0,48058.0,47938.0,47938.0,47997.0,47830.0
2026-06-23 12:15:00,空,47974.0,47976.0,47870.0,47882.0,47954.0,48027.0,47976.0,47976.0
2026-06-23 12:40:00,空,47847.0,47858.0,47800.0,47811.0,47834.0,47861.0,47858.0,47858.0
2026-06-23 12:55:00,空,47660.0,47686.0,47600.0,47614.0,47647.0,47730.0,47686.0,47686.0
2026-06-23 13:30:00,空,47517.0,47541.0,47426.0,47431.0,47494.0,47610.0,47541.0,47541.0
2026-06-24 09:00:00,空,46696.0,46712.0,46382.0,46392.0,46488.0,46768.0,46712.0,46712.0
2026-06-24 10:20:00,空,46435.0,46451.0,46255.0,46328.0,46369.0,46696.0,46451.0,46451.0
2026-06-24 10:45:00,空,46296.0,46326.0,46127.0,46138.0,46205.0,46469.0,46326.0,46326.0
2026-06-24 12:15:00,空,46086.0,46142.0,45987.0,45994.0,46045.0,46188.0,46142.0,46142.0
2026-06-24 12:30:00,多,46078.0,46234.0,46078.0,46234.0,46078.0,46078.0,46091.0,46074.0
2026-06-24 13:15:00,多,46513.0,46627.0,46488.0,46604.0,46488.0,46488.0,46555.0,46429.0
2026-06-25 13:05:00,多,46564.0,46700.0,46563.0,46656.0,46091.0,46508.0,46631.0,46421.0
2026-06-26 09:15:00,多,45680.0,45922.0,45662.0,45847.0,45662.0,45662.0,45760.0,45661.0
2026-06-26 09:35:00,空,45739.0,45739.0,45582.0,45623.0,45629.0,45791.0,45739.0,45739.0
2026-06-26 10:40:00,空,45212.0,45230.0,45042.0,45084.0,45100.0,45353.0,45230.0,45230.0
2026-06-26 11:05:00,空,44864.0,44885.0,44630.0,44651.0,44845.0,44976.0,44885.0,44885.0
2026-06-26 11:55:00,多,44985.0,45142.0,44973.0,45093.0,44973.0,44973.0,44990.0,44794.0
2026-06-26 12:30:00,空,45002.0,45033.0,44889.0,44895.0,44932.0,45041.0,45033.0,45033.0
2026-06-26 13:00:00,空,44746.0,44764.0,44658.0,44683.0,44701.0,44786.0,44764.0,44764.0
2026-06-29 09:35:00,多,45292.0,45558.0,45292.0,45550.0,45292.0,45292.0,45490.0,44800.0
2026-06-29 10:05:00,空,45336.0,45350.0,45136.0,45173.0,45321.0,45496.0,45350.0,45350.0
2026-06-29 11:00:00,多,45353.0,45499.0,45353.0,45459.0,45353.0,45353.0,45435.0,45283.0
2026-06-29 11:30:00,空,45314.0,45376.0,45166.0,45199.0,45247.0,45383.0,45376.0,45376.0
2026-06-29 11:50:00,多,45172.0,45412.0,45168.0,45314.0,45168.0,45168.0,45234.0,45119.0
2026-06-29 12:15:00,空,45251.0,45252.0,45173.0,45208.0,45220.0,45288.0,45252.0,45252.0
2026-06-29 13:20:00,多,45254.0,45360.0,45235.0,45338.0,45235.0,45235.0,45289.0,45216.0
2026-06-30 08:55:00,多,46189.0,46256.0,46132.0,46251.0,46132.0,46132.0,46213.0,46130.0
2026-06-30 10:30:00,多,46598.0,46726.0,46583.0,46669.0,46583.0,46583.0,46648.0,46313.0
2026-06-30 11:00:00,空,46520.0,46535.0,46458.0,46485.0,46519.0,46623.0,46535.0,46535.0
2026-06-30 12:00:00,多,46575.0,46713.0,46575.0,46710.0,46575.0,46575.0,46613.0,46508.0
2026-06-30 12:25:00,多,46713.0,46783.0,46713.0,46778.0,46713.0,46713.0,46774.0,46695.0
2026-06-30 13:25:00,空,46766.0,46774.0,46636.0,46668.0,46727.0,46775.0,46774.0,46774.0
2026-07-01 09:05:00,空,47515.0,47572.0,47290.0,47295.0,47430.0,47596.0,47572.0,47572.0
2026-07-01 10:15:00,多,47024.0,47175.0,47024.0,47119.0,46895.0,47205.0,47048.0,47007.0
2026-07-01 11:10:00,多,47221.0,47350.0,47207.0,47298.0,47207.0,47207.0,47294.0,47185.0
2026-07-01 12:10:00,空,47227.0,47239.0,47129.0,47134.0,47214.0,47320.0,47239.0,47239.0
2026-07-01 12:30:00,多,47184.0,47256.0,47180.0,47240.0,47180.0,47180.0,47200.0,47160.0
2026-07-01 12:50:00,多,47248.0,47285.0,47237.0,47278.0,47237.0,47237.0,47270.0,47235.0
2026-07-02 09:05:00,多,46255.0,46448.0,46229.0,46411.0,46229.0,46229.0,46255.0,46214.0
2026-07-02 09:35:00,多,46579.0,46702.0,46545.0,46668.0,46545.0,46545.0,46595.0,46503.0
2026-07-02 10:40:00,多,46792.0,46882.0,46788.0,46875.0,46788.0,46788.0,46853.0,46725.0
2026-07-02 11:05:00,空,46750.0,46774.0,46621.0,46636.0,46715.0,46794.0,46774.0,46774.0
2026-07-02 12:40:00,空,46550.0,46554.0,46487.0,46491.0,46540.0,46652.0,46554.0,46554.0
2026-07-02 12:55:00,多,46579.0,46717.0,46574.0,46702.0,46574.0,46574.0,46588.0,46548.0
2026-07-02 13:30:00,空,46850.0,46859.0,46726.0,46739.0,46842.0,46936.0,46859.0,46859.0
2026-07-03 09:05:00,多,46062.0,46194.0,46020.0,46159.0,46020.0,46020.0,46088.0,45900.0
2026-07-03 10:00:00,多,46359.0,46510.0,46337.0,46501.0,46337.0,46337.0,46494.0,46299.0
2026-07-03 11:40:00,空,46544.0,46567.0,46450.0,46460.0,46502.0,46588.0,46567.0,46567.0
2026-07-03 11:55:00,多,46620.0,46799.0,46619.0,46756.0,46619.0,46619.0,46636.0,46608.0
2026-07-03 12:10:00,多,46837.0,46897.0,46804.0,46877.0,46804.0,46804.0,46848.0,46791.0
2026-07-03 13:20:00,空,46985.0,46986.0,46869.0,46907.0,46948.0,46991.0,46986.0,46986.0
2026-07-06 10:10:00,空,47227.0,47231.0,46893.0,46983.0,47102.0,47273.0,47231.0,47231.0
2026-07-06 10:35:00,空,46915.0,46931.0,46792.0,46803.0,46833.0,46990.0,46931.0,46931.0
2026-07-06 11:25:00,多,46793.0,46875.0,46790.0,46840.0,46790.0,46790.0,46839.0,46773.0
2026-07-06 13:00:00,空,47000.0,47021.0,46900.0,46900.0,46950.0,47026.0,47021.0,47021.0
2026-07-06 13:25:00,空,46888.0,46898.0,46806.0,46809.0,46863.0,46957.0,46898.0,46898.0
2026-07-07 09:05:00,多,47043.0,47144.0,47027.0,47105.0,47027.0,47027.0,47055.0,47011.0
2026-07-07 09:20:00,空,46930.0,46953.0,46702.0,46712.0,46880.0,46985.0,46953.0,46953.0
2026-07-07 09:40:00,多,46908.0,47060.0,46908.0,47046.0,46908.0,46908.0,46958.0,46836.0
2026-07-07 10:10:00,空,46960.0,46981.0,46902.0,46911.0,46920.0,47050.0,46981.0,46981.0
2026-07-07 10:55:00,空,46711.0,46728.0,46555.0,46609.0,46644.0,46867.0,46728.0,46728.0
2026-07-07 11:15:00,空,46616.0,46616.0,46350.0,46404.0,46612.0,46674.0,46616.0,46616.0
2026-07-07 12:10:00,空,46083.0,46118.0,45977.0,45992.0,45995.0,46190.0,46118.0,46118.0
2026-07-07 13:10:00,空,45763.0,45785.0,45687.0,45699.0,45729.0,45877.0,45785.0,45785.0
2026-07-08 09:25:00,空,45714.0,45785.0,45460.0,45500.0,45600.0,45800.0,45785.0,45785.0
2026-07-08 10:00:00,空,45475.0,45487.0,45336.0,45364.0,45448.0,45490.0,45487.0,45487.0
2026-07-08 10:20:00,多,45525.0,45648.0,45480.0,45633.0,45480.0,45480.0,45539.0,45377.0
2026-07-08 10:45:00,多,45656.0,45812.0,45652.0,45777.0,45652.0,45652.0,45684.0,45630.0
2026-07-08 11:40:00,空,45751.0,45760.0,45688.0,45709.0,45722.0,45794.0,45760.0,45760.0
2026-07-08 11:55:00,空,45563.0,45588.0,45506.0,45509.0,45563.0,45627.0,45588.0,45588.0
2026-07-08 13:05:00,多,45516.0,45645.0,45516.0,45608.0,45516.0,45516.0,45576.0,45508.0
2026-07-09 09:40:00,多,45922.0,46095.0,45893.0,46081.0,45893.0,45893.0,45948.0,45822.0
2026-07-09 09:55:00,空,45851.0,45851.0,45625.0,45670.0,45828.0,46006.0,45851.0,45851.0
2026-07-09 10:10:00,多,45878.0,46002.0,45855.0,45990.0,45855.0,45855.0,45881.0,45733.0
2026-07-09 10:30:00,空,45920.0,45979.0,45792.0,45810.0,45900.0,45980.0,45979.0,45979.0
2026-07-09 10:45:00,空,45596.0,45605.0,45450.0,45519.0,45587.0,45679.0,45605.0,45605.0
2026-07-09 11:25:00,多,45554.0,45649.0,45545.0,45629.0,45545.0,45545.0,45550.0,45420.0
2026-07-09 11:45:00,多,45763.0,45863.0,45759.0,45819.0,45759.0,45759.0,45766.0,45732.0
2026-07-09 12:20:00,空,45772.0,45805.0,45693.0,45694.0,45768.0,45828.0,45805.0,45805.0
2026-07-09 13:05:00,空,45696.0,45699.0,45592.0,45606.0,45668.0,45768.0,45699.0,45699.0
2026-07-09 13:25:00,空,45550.0,45561.0,45493.0,45498.0,45518.0,45605.0,45561.0,45561.0
2026-07-09 13:40:00,多,45573.0,45697.0,45555.0,45678.0,45555.0,45555.0,45583.0,45543.0
2026-07-13 09:20:00,空,46104.0,46171.0,45925.0,45957.0,45981.0,46197.0,46171.0,46171.0
2026-07-13 09:45:00,空,45839.0,45841.0,45704.0,45749.0,45814.0,45956.0,45841.0,45841.0
2026-07-13 10:20:00,多,45824.0,45993.0,45818.0,45991.0,45818.0,45818.0,45854.0,45796.0
2026-07-13 11:00:00,空,45869.0,45884.0,45754.0,45758.0,45815.0,45982.0,45884.0,45884.0
2026-07-13 12:00:00,空,45512.0,45517.0,45381.0,45398.0,45471.0,45704.0,45517.0,45517.0
2026-07-13 13:00:00,多,45478.0,45562.0,45434.0,45536.0,45434.0,45434.0,45535.0,45370.0
2026-07-13 13:25:00,空,45574.0,45589.0,45445.0,45447.0,45557.0,45711.0,45589.0,45589.0
2026-07-14 09:10:00,空,45229.0,45236.0,44782.0,44805.0,45195.0,45280.0,45236.0,45236.0
2026-07-14 09:35:00,空,44849.0,44866.0,44744.0,44790.0,44847.0,44969.0,44866.0,44866.0
2026-07-14 10:10:00,空,44541.0,44557.0,44349.0,44353.0,44430.0,44716.0,44557.0,44557.0
2026-07-14 11:05:00,空,44123.0,44128.0,44028.0,44042.0,44085.0,44304.0,44128.0,44128.0
2026-07-14 11:50:00,多,44182.0,44356.0,44177.0,44345.0,44177.0,44177.0,44248.0,44031.0
2026-07-14 12:25:00,多,44317.0,44442.0,44317.0,44397.0,44159.0,44317.0,44355.0,44257.0
2026-07-14 12:45:00,多,44540.0,44688.0,44526.0,44665.0,44526.0,44526.0,44599.0,44495.0
2026-07-14 13:10:00,多,44717.0,44799.0,44716.0,44774.0,44716.0,44716.0,44722.0,44676.0
2026-07-15 11:25:00,多,45502.0,45598.0,45501.0,45570.0,45501.0,45501.0,45563.0,45317.0
2026-07-15 11:45:00,多,45634.0,45705.0,45634.0,45695.0,45634.0,45634.0,45670.0,45629.0
2026-07-15 12:05:00,空,45676.0,45680.0,45606.0,45621.0,45674.0,45694.0,45680.0,45680.0
2026-07-15 12:55:00,多,45718.0,45760.0,45715.0,45744.0,45715.0,45715.0,45740.0,45670.0
2026-07-16 09:25:00,空,45348.0,45398.0,45230.0,45245.0,45314.0,45434.0,45398.0,45398.0
2026-07-16 10:20:00,多,45462.0,45603.0,45434.0,45591.0,45434.0,45434.0,45550.0,45391.0
2026-07-16 10:50:00,多,45761.0,45905.0,45755.0,45884.0,45755.0,45755.0,45820.0,45661.0
2026-07-16 11:55:00,多,46008.0,46092.0,45993.0,46090.0,45993.0,45993.0,46018.0,45920.0
2026-07-16 12:35:00,空,45907.0,45922.0,45856.0,45868.0,45880.0,46066.0,45922.0,45922.0
2026-07-16 13:25:00,多,45979.0,46069.0,45965.0,46058.0,45965.0,45965.0,46015.0,45880.0
2026-07-17 10:30:00,空,43927.0,43930.0,43864.0,43878.0,43880.0,44182.0,43930.0,43930.0
2026-07-17 11:35:00,空,43851.0,43860.0,43773.0,43786.0,43818.0,43906.0,43860.0,43860.0
2026-07-17 11:50:00,空,43662.0,43665.0,43538.0,43550.0,43635.0,43704.0,43665.0,43665.0
2026-07-17 12:35:00,空,43264.0,43265.0,43180.0,43216.0,43239.0,43504.0,43265.0,43265.0
2026-07-17 13:20:00,空,43093.0,43103.0,42990.0,42996.0,43000.0,43274.0,43103.0,43103.0
2026-07-20 09:15:00,空,42995.0,43111.0,42810.0,42818.0,42982.0,43326.0,43111.0,43111.0
2026-07-20 10:00:00,多,42909.0,43218.0,42901.0,43207.0,42901.0,42901.0,43160.0,42823.0
2026-07-20 10:15:00,空,42995.0,43007.0,42737.0,42765.0,42977.0,43113.0,43007.0,43007.0
2026-07-20 10:45:00,多,43046.0,43184.0,43036.0,43176.0,43036.0,43036.0,43127.0,42777.0
2026-07-20 11:50:00,多,43037.0,43220.0,43017.0,43191.0,43017.0,43017.0,43064.0,42965.0
2026-07-20 12:15:00,空,42985.0,42988.0,42832.0,42886.0,42980.0,42989.0,42988.0,42988.0
2026-07-20 12:30:00,多,43069.0,43195.0,43002.0,43150.0,43002.0,43002.0,43132.0,42975.0
2026-07-20 12:55:00,空,43136.0,43138.0,43007.0,43010.0,43136.0,43155.0,43138.0,43138.0
2026-07-20 13:25:00,空,42726.0,42734.0,42650.0,42658.0,42666.0,42920.0,42734.0,42734.0
2026-07-21 09:05:00,多,43535.0,43755.0,43533.0,43700.0,43533.0,43533.0,43540.0,43437.0
2026-07-21 10:40:00,多,43975.0,44046.0,43938.0,44037.0,43938.0,43938.0,44034.0,43850.0
2026-07-21 11:35:00,多,44105.0,44164.0,44104.0,44150.0,44104.0,44104.0,44139.0,44001.0
2026-07-21 13:15:00,空,44190.0,44194.0,44118.0,44122.0,44148.0,44207.0,44194.0,44194.0
2026-07-21 13:30:00,多,44307.0,44330.0,44278.0,44327.0,44278.0,44278.0,44314.0,44236.0
2026-07-22 09:25:00,空,45075.0,45199.0,44981.0,45020.0,45067.0,45274.0,45199.0,45199.0
2026-07-22 11:25:00,多,44964.0,45100.0,44963.0,45100.0,44804.0,44965.0,44999.0,44908.0
2026-07-22 12:05:00,多,45000.0,45048.0,44970.0,45032.0,44777.0,44932.0,44999.0,44878.0
2026-07-22 13:00:00,空,44962.0,44977.0,44857.0,44867.0,44885.0,44996.0,44977.0,44977.0
2026-07-22 13:15:00,空,44748.0,44765.0,44670.0,44680.0,44719.0,44792.0,44765.0,44765.0
2026-07-22 13:30:00,多,44734.0,44814.0,44702.0,44794.0,44702.0,44702.0,44766.0,44695.0
2026-07-23 09:10:00,空,44986.0,45000.0,44866.0,44888.0,44896.0,45183.0,45000.0,45000.0
2026-07-23 10:20:00,空,44744.0,44750.0,44575.0,44592.0,44718.0,44853.0,44750.0,44750.0
2026-07-23 12:30:00,多,44603.0,44658.0,44596.0,44649.0,44445.0,44579.0,44644.0,44579.0
2026-07-23 13:15:00,多,44656.0,44804.0,44642.0,44800.0,44642.0,44642.0,44667.0,44616.0
2026-07-24 10:00:00,空,44211.0,44233.0,44155.0,44173.0,44186.0,44284.0,44233.0,44233.0
2026-07-24 10:20:00,空,44120.0,44120.0,43984.0,44017.0,44124.0,44146.0,44120.0,44120.0
2026-07-24 10:35:00,空,43911.0,43925.0,43771.0,43775.0,43891.0,43973.0,43925.0,43925.0
2026-07-24 11:25:00,多,43949.0,44066.0,43932.0,44060.0,43932.0,43932.0,43997.0,43786.0
2026-07-24 11:55:00,空,43866.0,43866.0,43759.0,43796.0,43862.0,43886.0,43866.0,43866.0
2026-07-27 09:00:00,空,43697.0,43741.0,43516.0,43538.0,43690.0,43935.0,43741.0,43741.0
2026-07-27 09:55:00,多,43496.0,43699.0,43471.0,43692.0,43176.0,43505.0,43690.0,43391.0
2026-07-27 10:55:00,空,43526.0,43581.0,43495.0,43504.0,43506.0,43608.0,43581.0,43581.0
2026-07-27 12:40:00,多,43479.0,43552.0,43460.0,43547.0,43223.0,43435.0,43517.0,43389.0
2026-07-27 13:05:00,多,43651.0,43730.0,43646.0,43710.0,43646.0,43646.0,43696.0,43565.0
2026-07-27 13:35:00,多,43843.0,43900.0,43830.0,43895.0,43830.0,43830.0,43890.0,43786.0
2026-07-28 08:55:00,空,42291.0,42291.0,42131.0,42209.0,42267.0,42321.0,42291.0,42291.0
2026-07-28 09:25:00,多,42200.0,42373.0,42132.0,42314.0,41956.0,42143.0,42212.0,42097.0
2026-07-28 10:00:00,空,42061.0,42080.0,41905.0,41955.0,42037.0,42189.0,42080.0,42080.0
2026-07-28 11:00:00,空,41919.0,41927.0,41841.0,41864.0,41885.0,42115.0,41927.0,41927.0
2026-07-28 11:20:00,多,42012.0,42092.0,41987.0,42071.0,41987.0,41987.0,42034.0,41883.0
2026-07-28 11:40:00,多,42189.0,42253.0,42115.0,42244.0,42115.0,42115.0,42199.0,42054.0
2026-07-28 12:05:00,空,42157.0,42186.0,42110.0,42110.0,42152.0,42187.0,42186.0,42186.0
2026-07-28 12:55:00,空,42006.0,42018.0,41905.0,41937.0,41960.0,42033.0,42018.0,42018.0
2026-07-28 13:20:00,空,41818.0,41845.0,41782.0,41782.0,41808.0,41911.0,41845.0,41845.0
2026-07-29 09:05:00,空,41729.0,41731.0,41386.0,41417.0,41663.0,41787.0,41731.0,41731.0
2026-07-29 09:50:00,空,40966.0,40988.0,40781.0,40861.0,40945.0,41212.0,40988.0,40988.0
2026-07-29 10:45:00,空,40365.0,40418.0,40208.0,40210.0,40362.0,40594.0,40418.0,40418.0
2026-07-29 11:25:00,空,40199.0,40212.0,40095.0,40097.0,40145.0,40242.0,40212.0,40212.0
2026-07-29 11:50:00,空,40014.0,40014.0,39830.0,39845.0,39992.0,40038.0,40014.0,40014.0
2026-07-29 12:40:00,空,39680.0,39688.0,39474.0,39482.0,39607.0,39782.0,39688.0,39688.0
2026-07-29 12:55:00,多,40009.0,40183.0,39981.0,40132.0,39981.0,39981.0,40023.0,39769.0
2026-07-30 09:30:00,多,40492.0,40956.0,40488.0,40940.0,40488.0,40488.0,40700.0,40266.0
2026-07-30 10:15:00,空,40730.0,40764.0,40625.0,40625.0,40700.0,41009.0,40764.0,40764.0
2026-07-30 10:40:00,多,40546.0,40798.0,40532.0,40794.0,40532.0,40532.0,40583.0,40530.0
2026-07-30 11:10:00,空,40595.0,40630.0,40355.0,40467.0,40478.0,40658.0,40630.0,40630.0
2026-07-30 11:45:00,多,40529.0,40675.0,40483.0,40610.0,40483.0,40483.0,40571.0,40360.0
2026-07-30 12:15:00,空,40371.0,40390.0,40232.0,40261.0,40338.0,40423.0,40390.0,40390.0
2026-07-30 12:55:00,空,40126.0,40139.0,39888.0,39964.0,40094.0,40323.0,40139.0,40139.0
2026-07-31 08:55:00,多,42624.0,42757.0,42619.0,42705.0,42619.0,42619.0,42702.0,42579.0
2026-07-31 09:15:00,多,43222.0,43388.0,43187.0,43337.0,43187.0,43187.0,43280.0,43084.0
2026-07-31 10:40:00,多,43515.0,43555.0,43474.0,43543.0,43474.0,43474.0,43533.0,43465.0
2026-07-31 10:55:00,多,43682.0,43786.0,43667.0,43773.0,43667.0,43667.0,43711.0,43638.0
2026-07-31 11:10:00,空,43613.0,43637.0,43454.0,43507.0,43565.0,43645.0,43637.0,43637.0
2026-07-31 11:45:00,空,43644.0,43650.0,43508.0,43543.0,43628.0,43690.0,43650.0,43650.0
2026-07-31 12:30:00,多,43567.0,43753.0,43542.0,43740.0,43542.0,43542.0,43569.0,43534.0
2026-07-31 12:45:00,多,43894.0,43951.0,43885.0,43936.0,43885.0,43885.0,43893.0,43800.0
2026-07-31 13:30:00,空,43803.0,43832.0,43705.0,43740.0,43754.0,43861.0,43832.0,43832.0
2026-08-03 09:55:00,多,43386.0,43549.0,43371.0,43548.0,43371.0,43371.0,43509.0,43285.0
2026-08-03 10:15:00,多,43665.0,43805.0,43615.0,43798.0,43615.0,43615.0,43669.0,43512.0
2026-08-03 11:20:00,空,43417.0,43426.0,43316.0,43351.0,43357.0,43636.0,43426.0,43426.0
2026-08-03 11:45:00,多,43400.0,43477.0,43399.0,43451.0,43399.0,43399.0,43429.0,43368.0
2026-08-03 13:05:00,空,43321.0,43326.0,43245.0,43280.0,43316.0,43416.0,43326.0,43326.0
2026-08-04 09:30:00,多,42970.0,43220.0,42970.0,43220.0,42970.0,42970.0,42993.0,42850.0
2026-08-04 09:45:00,多,43374.0,43544.0,43364.0,43505.0,43364.0,43364.0,43384.0,43276.0
2026-08-04 10:05:00,空,43412.0,43494.0,43340.0,43362.0,43401.0,43610.0,43494.0,43494.0
2026-08-04 11:05:00,空,43224.0,43240.0,43111.0,43157.0,43170.0,43290.0,43240.0,43240.0
2026-08-04 11:40:00,空,43200.0,43204.0,43051.0,43081.0,43162.0,43205.0,43204.0,43204.0
2026-08-04 12:10:00,空,43041.0,43041.0,42940.0,42965.0,42987.0,43050.0,43041.0,43041.0
2026-08-04 13:30:00,多,43194.0,43339.0,43181.0,43319.0,43181.0,43181.0,43255.0,43163.0
2026-08-05 09:15:00,空,44400.0,44448.0,44219.0,44230.0,44372.0,44497.0,44448.0,44448.0
2026-08-05 09:35:00,多,44542.0,44636.0,44516.0,44631.0,44516.0,44516.0,44590.0,44418.0
2026-08-05 09:50:00,多,44755.0,44847.0,44752.0,44809.0,44752.0,44752.0,44800.0,44640.0
2026-08-05 11:15:00,空,44787.0,44790.0,44718.0,44737.0,44784.0,44812.0,44790.0,44790.0
2026-08-05 11:30:00,空,44619.0,44634.0,44540.0,44572.0,44613.0,44729.0,44634.0,44634.0
2026-08-05 12:20:00,空,44508.0,44530.0,44401.0,44422.0,44498.0,44592.0,44530.0,44530.0
2026-08-06 10:40:00,多,44282.0,44429.0,44266.0,44427.0,44266.0,44266.0,44319.0,44070.0
2026-08-06 11:25:00,空,44342.0,44353.0,44240.0,44257.0,44290.0,44406.0,44353.0,44353.0
2026-08-06 13:00:00,多,44324.0,44428.0,44302.0,44399.0,44302.0,44302.0,44335.0,44252.0
2026-08-06 13:30:00,空,44306.0,44348.0,44285.0,44290.0,44297.0,44356.0,44348.0,44348.0
2026-08-07 09:35:00,空,44345.0,44372.0,44155.0,44155.0,44175.0,44534.0,44372.0,44372.0
2026-08-07 12:40:00,空,44118.0,44124.0,44044.0,44057.0,44101.0,44377.0,44124.0,44124.0
2026-08-07 13:00:00,多,44118.0,44291.0,44117.0,44287.0,44117.0,44117.0,44125.0,44074.0
2026-08-10 08:55:00,空,44875.0,44880.0,44791.0,44791.0,44866.0,44912.0,44880.0,44880.0
2026-08-10 09:15:00,多,44922.0,45015.0,44888.0,45012.0,44888.0,44888.0,44927.0,44856.0
2026-08-10 11:05:00,空,45043.0,45048.0,44994.0,44999.0,45023.0,45101.0,45048.0,45048.0
2026-08-10 12:10:00,空,44949.0,44949.0,44847.0,44881.0,44900.0,44968.0,44949.0,44949.0
2026-08-10 13:10:00,多,44939.0,45005.0,44930.0,45003.0,44930.0,44930.0,44972.0,44840.0
2026-08-11 11:20:00,多,44953.0,45074.0,44888.0,45074.0,44888.0,44888.0,44992.0,44772.0
2026-08-11 12:15:00,多,45069.0,45109.0,45041.0,45104.0,44986.0,45038.0,45103.0,45030.0
2026-08-12 10:45:00,多,45429.0,45542.0,45429.0,45542.0,45429.0,45429.0,45451.0,45327.0
2026-08-12 11:40:00,空,45407.0,45425.0,45351.0,45372.0,45402.0,45491.0,45425.0,45425.0
2026-08-12 12:55:00,多,45505.0,45535.0,45488.0,45528.0,45488.0,45488.0,45524.0,45435.0
2026-08-12 13:30:00,多,45476.0,45516.0,45451.0,45500.0,45358.0,45450.0,45480.0,45416.0
2026-08-13 10:20:00,空,46102.0,46103.0,46007.0,46007.0,46042.0,46167.0,46103.0,46103.0
2026-08-13 10:55:00,多,46013.0,46042.0,46002.0,46034.0,46002.0,46002.0,46026.0,45959.0
2026-08-14 09:30:00,空,46156.0,46160.0,46020.0,46058.0,46075.0,46351.0,46160.0,46160.0
2026-08-14 10:50:00,空,46119.0,46132.0,46054.0,46061.0,46065.0,46161.0,46132.0,46132.0
2026-08-14 11:25:00,多,46103.0,46151.0,46100.0,46139.0,46100.0,46100.0,46119.0,46009.0
2026-08-14 11:45:00,空,46054.0,46068.0,46017.0,46027.0,46046.0,46081.0,46068.0,46068.0
2026-08-14 12:10:00,空,45984.0,46002.0,45938.0,45938.0,45958.0,46021.0,46002.0,46002.0
2026-08-14 13:00:00,空,45859.0,45864.0,45740.0,45747.0,45786.0,45936.0,45864.0,45864.0
2026-08-17 09:00:00,多,45942.0,46077.0,45908.0,46058.0,45908.0,45908.0,45959.0,45892.0
2026-08-17 10:20:00,多,45918.0,46021.0,45915.0,45978.0,45738.0,45968.0,45944.0,45903.0
2026-08-17 11:45:00,多,45964.0,46016.0,45957.0,45998.0,45901.0,45970.0,45988.0,45955.0
2026-08-17 12:00:00,多,46057.0,46093.0,46041.0,46087.0,46041.0,46041.0,46067.0,46005.0
2026-08-17 12:45:00,空,46078.0,46085.0,46032.0,46038.0,46053.0,46095.0,46085.0,46085.0
2026-08-17 13:15:00,空,45943.0,45950.0,45906.0,45912.0,45941.0,45994.0,45950.0,45950.0
2026-08-18 09:30:00,空,45789.0,45813.0,45719.0,45740.0,45750.0,45860.0,45813.0,45813.0
2026-08-18 10:10:00,空,45552.0,45571.0,45422.0,45437.0,45457.0,45714.0,45571.0,45571.0
2026-08-18 12:20:00,空,45266.0,45280.0,45173.0,45184.0,45212.0,45325.0,45280.0,45280.0
2026-08-18 13:20:00,空,45227.0,45232.0,45185.0,45197.0,45200.0,45290.0,45232.0,45232.0
2026-08-18 13:40:00,空,45108.0,45123.0,45070.0,45085.0,45100.0,45161.0,45123.0,45123.0
2026-08-19 09:15:00,多,44521.0,44591.0,44491.0,44591.0,44491.0,44491.0,44568.0,44443.0
2026-08-19 11:00:00,多,44705.0,44792.0,44698.0,44760.0,44524.0,44650.0,44729.0,44695.0
2026-08-19 12:05:00,空,44757.0,44761.0,44694.0,44697.0,44730.0,44811.0,44761.0,44761.0
2026-08-19 12:45:00,空,44591.0,44613.0,44545.0,44545.0,44578.0,44683.0,44613.0,44613.0
2026-08-19 13:00:00,多,44648.0,44723.0,44623.0,44686.0,44623.0,44623.0,44654.0,44560.0
2026-08-20 09:05:00,空,44964.0,44987.0,44824.0,44834.0,44931.0,44992.0,44987.0,44987.0
2026-08-20 10:50:00,空,44586.0,44613.0,44448.0,44516.0,44555.0,44793.0,44613.0,44613.0
2026-08-20 11:30:00,空,44604.0,44604.0,44522.0,44533.0,44593.0,44643.0,44604.0,44604.0
2026-08-20 12:05:00,多,44665.0,44717.0,44654.0,44713.0,44654.0,44654.0,44670.0,44554.0
2026-08-20 13:15:00,多,44744.0,44866.0,44740.0,44836.0,44740.0,44740.0,44758.0,44725.0
2026-08-21 09:15:00,多,44843.0,44939.0,44771.0,44926.0,44566.0,44858.0,44853.0,44736.0
2026-08-21 09:45:00,多,45017.0,45154.0,45015.0,45136.0,45015.0,45015.0,45017.0,44938.0
2026-08-21 10:30:00,多,45155.0,45246.0,45150.0,45229.0,45150.0,45150.0,45186.0,45017.0
2026-08-21 11:05:00,空,45238.0,45238.0,45151.0,45177.0,45219.0,45246.0,45238.0,45238.0
2026-08-21 11:40:00,空,45103.0,45110.0,45030.0,45037.0,45099.0,45112.0,45110.0,45110.0
2026-08-21 13:30:00,多,45115.0,45157.0,45101.0,45155.0,45101.0,45101.0,45154.0,45081.0
2026-08-24 09:55:00,空,45140.0,45143.0,44883.0,44899.0,45140.0,45198.0,45143.0,45143.0
2026-08-24 10:35:00,多,45062.0,45101.0,45048.0,45096.0,45048.0,45048.0,45080.0,44955.0
2026-08-24 11:10:00,空,45002.0,45024.0,44955.0,44970.0,44991.0,45050.0,45024.0,45024.0
2026-08-24 13:00:00,空,44854.0,44881.0,44780.0,44786.0,44846.0,44908.0,44881.0,44881.0
2026-08-24 13:25:00,空,44761.0,44771.0,44695.0,44717.0,44755.0,44791.0,44771.0,44771.0
2026-08-25 11:30:00,多,44494.0,44609.0,44465.0,44581.0,44465.0,44465.0,44525.0,44383.0
2026-08-25 12:05:00,多,44552.0,44628.0,44547.0,44622.0,44547.0,44547.0,44568.0,44461.0
2026-08-25 13:00:00,多,44835.0,44950.0,44812.0,44898.0,44812.0,44812.0,44853.0,44680.0
2026-08-25 13:20:00,多,44973.0,45037.0,44969.0,45031.0,44969.0,44969.0,44989.0,44914.0
2026-08-26 08:55:00,空,45067.0,45076.0,44933.0,44936.0,45063.0,45133.0,45076.0,45076.0
2026-08-26 09:50:00,多,45159.0,45320.0,45144.0,45316.0,45144.0,45144.0,45246.0,45132.0
2026-08-26 10:15:00,多,45380.0,45444.0,45359.0,45438.0,45359.0,45359.0,45415.0,45312.0
2026-08-26 10:30:00,多,45606.0,45690.0,45581.0,45680.0,45581.0,45581.0,45614.0,45578.0
2026-08-26 11:50:00,多,45913.0,45958.0,45903.0,45944.0,45903.0,45903.0,45919.0,45722.0
2026-08-26 13:40:00,多,45976.0,46027.0,45975.0,46011.0,45975.0,45975.0,45976.0,45912.0
2026-08-27 10:00:00,多,46351.0,46474.0,46318.0,46474.0,46318.0,46318.0,46448.0,46309.0
2026-08-27 12:10:00,空,46332.0,46332.0,46284.0,46294.0,46296.0,46431.0,46332.0,46332.0
2026-08-27 12:25:00,空,46283.0,46290.0,46210.0,46219.0,46272.0,46294.0,46290.0,46290.0
2026-08-27 12:40:00,空,46185.0,46185.0,46137.0,46143.0,46181.0,46193.0,46185.0,46185.0
2026-08-28 09:15:00,多,46469.0,46580.0,46460.0,46570.0,46460.0,46460.0,46527.0,46411.0
2026-08-28 09:55:00,空,46335.0,46335.0,46215.0,46242.0,46270.0,46405.0,46335.0,46335.0
2026-08-28 10:15:00,多,46340.0,46452.0,46336.0,46439.0,46336.0,46336.0,46345.0,46290.0
2026-08-28 10:55:00,多,46395.0,46433.0,46384.0,46422.0,46258.0,46330.0,46418.0,46314.0
2026-08-28 13:05:00,多,46313.0,46364.0,46312.0,46340.0,46247.0,46386.0,46318.0,46302.0
2026-08-31 10:55:00,多,45607.0,45689.0,45591.0,45684.0,45415.0,45706.0,45617.0,45496.0
2026-08-31 11:35:00,空,45701.0,45714.0,45661.0,45661.0,45676.0,45719.0,45714.0,45714.0
2026-08-31 12:55:00,多,45759.0,45876.0,45753.0,45847.0,45753.0,45753.0,45787.0,45683.0
2026-08-31 13:15:00,多,45955.0,46051.0,45954.0,46024.0,45954.0,45954.0,45960.0,45883.0
2026-09-01 09:00:00,多,46214.0,46459.0,46204.0,46452.0,46204.0,46204.0,46229.0,46162.0
2026-09-01 09:20:00,多,46857.0,46955.0,46837.0,46908.0,46837.0,46837.0,46896.0,46676.0
2026-09-01 10:55:00,多,46841.0,46999.0,46835.0,46976.0,46835.0,46835.0,46877.0,46795.0
2026-09-01 11:45:00,多,47008.0,47043.0,47003.0,47043.0,47003.0,47003.0,47026.0,46995.0
2026-09-01 13:05:00,空,47066.0,47070.0,47035.0,47039.0,47050.0,47090.0,47070.0,47070.0
2026-09-01 13:30:00,多,47045.0,47105.0,47026.0,47104.0,47026.0,47026.0,47049.0,47007.0
2026-09-02 09:15:00,空,46567.0,46603.0,46494.0,46515.0,46522.0,46638.0,46603.0,46603.0
2026-09-02 09:40:00,空,46349.0,46373.0,46269.0,46283.0,46307.0,46459.0,46373.0,46373.0
2026-09-02 13:30:00,空,46215.0,46229.0,46160.0,46163.0,46164.0,46295.0,46229.0,46229.0
2026-09-03 09:35:00,空,46265.0,46265.0,46057.0,46059.0,46143.0,46285.0,46265.0,46265.0
2026-09-03 09:55:00,空,46094.0,46098.0,45960.0,45965.0,46086.0,46107.0,46098.0,46098.0
2026-09-03 10:10:00,多,46094.0,46224.0,46091.0,46205.0,46091.0,46091.0,46095.0,46054.0
2026-09-03 11:00:00,多,46186.0,46311.0,46186.0,46295.0,46186.0,46186.0,46219.0,46160.0
2026-09-03 11:15:00,多,46425.0,46460.0,46360.0,46445.0,46360.0,46360.0,46428.0,46306.0
2026-09-03 12:55:00,空,46318.0,46343.0,46256.0,46264.0,46280.0,46370.0,46343.0,46343.0
2026-09-03 13:10:00,空,46079.0,46102.0,45954.0,45973.0,46079.0,46155.0,46102.0,46102.0
2026-09-04 09:25:00,空,46284.0,46307.0,46188.0,46218.0,46241.0,46436.0,46307.0,46307.0
2026-09-04 10:50:00,多,46275.0,46312.0,46250.0,46310.0,46250.0,46250.0,46283.0,46224.0
2026-09-04 11:55:00,多,46327.0,46353.0,46302.0,46343.0,46302.0,46302.0,46338.0,46296.0
2026-09-04 12:10:00,多,46423.0,46480.0,46410.0,46473.0,46410.0,46410.0,46424.0,46363.0
2026-09-04 12:45:00,空,46504.0,46511.0,46466.0,46472.0,46483.0,46515.0,46511.0,46511.0
2026-09-04 13:00:00,多,46528.0,46581.0,46518.0,46566.0,46518.0,46518.0,46530.0,46517.0
2026-09-07 09:05:00,空,47233.0,47252.0,47100.0,47127.0,47199.0,47356.0,47252.0,47252.0
2026-09-07 09:25:00,多,47216.0,47315.0,47204.0,47314.0,47204.0,47204.0,47218.0,47158.0
2026-09-08 11:50:00,空,47279.0,47287.0,47157.0,47157.0,47226.0,47527.0,47287.0,47287.0
2026-09-08 12:30:00,空,47204.0,47212.0,47160.0,47160.0,47180.0,47256.0,47212.0,47212.0
2026-09-08 13:00:00,空,47143.0,47147.0,47101.0,47108.0,47137.0,47170.0,47147.0,47147.0
2026-09-09 09:10:00,多,47254.0,47382.0,47247.0,47371.0,47247.0,47247.0,47325.0,47213.0
2026-09-09 09:45:00,多,47438.0,47559.0,47432.0,47557.0,47432.0,47432.0,47509.0,47408.0
2026-09-09 11:05:00,空,47406.0,47412.0,47333.0,47367.0,47404.0,47501.0,47412.0,47412.0
2026-09-09 11:45:00,空,47330.0,47363.0,47292.0,47305.0,47331.0,47395.0,47363.0,47363.0
2026-09-09 12:10:00,空,47180.0,47183.0,47092.0,47108.0,47177.0,47192.0,47183.0,47183.0
2026-09-09 12:30:00,多,47213.0,47267.0,47175.0,47255.0,47175.0,47175.0,47252.0,47139.0
2026-09-09 13:15:00,空,47243.0,47249.0,47163.0,47165.0,47218.0,47267.0,47249.0,47249.0
2026-09-10 09:25:00,空,46676.0,46697.0,46572.0,46579.0,46586.0,46756.0,46697.0,46697.0
2026-09-10 11:30:00,空,46721.0,46725.0,46672.0,46678.0,46687.0,46729.0,46725.0,46725.0
2026-09-10 12:50:00,多,46803.0,46878.0,46802.0,46843.0,46802.0,46802.0,46820.0,46705.0
2026-09-11 11:25:00,多,45919.0,46010.0,45917.0,45995.0,45780.0,46014.0,45927.0,45888.0
2026-09-11 11:55:00,多,46093.0,46144.0,46088.0,46135.0,46088.0,46088.0,46107.0,45994.0
2026-09-11 12:25:00,多,46271.0,46324.0,46263.0,46324.0,46263.0,46263.0,46274.0,46228.0
2026-09-11 12:55:00,空,46258.0,46265.0,46190.0,46194.0,46250.0,46281.0,46265.0,46265.0
2026-09-11 13:25:00,空,46147.0,46148.0,46076.0,46086.0,46140.0,46176.0,46148.0,46148.0
2026-09-14 10:05:00,多,45722.0,45800.0,45710.0,45769.0,45710.0,45710.0,45732.0,45556.0
2026-09-14 11:05:00,多,45917.0,45953.0,45896.0,45951.0,45896.0,45896.0,45943.0,45763.0
2026-09-14 13:15:00,空,45896.0,45896.0,45824.0,45835.0,45858.0,45936.0,45896.0,45896.0
2026-09-15 09:15:00,多,45807.0,45906.0,45806.0,45869.0,45806.0,45806.0,45867.0,45755.0
2026-09-15 09:40:00,空,45830.0,45830.0,45736.0,45777.0,45792.0,45866.0,45830.0,45830.0
2026-09-15 10:10:00,多,45861.0,45910.0,45856.0,45888.0,45856.0,45856.0,45862.0,45836.0
2026-09-15 11:00:00,空,45813.0,45839.0,45767.0,45776.0,45782.0,45873.0,45839.0,45839.0
2026-09-15 11:55:00,空,45680.0,45715.0,45647.0,45647.0,45653.0,45756.0,45715.0,45715.0
2026-09-15 12:30:00,空,45686.0,45708.0,45659.0,45665.0,45682.0,45716.0,45708.0,45708.0
2026-09-15 12:55:00,空,45633.0,45638.0,45583.0,45585.0,45610.0,45656.0,45638.0,45638.0
2026-09-16 09:00:00,多,45630.0,45677.0,45615.0,45672.0,45615.0,45615.0,45631.0,45599.0
2026-09-16 09:50:00,空,45701.0,45704.0,45632.0,45646.0,45670.0,45742.0,45704.0,45704.0
2026-09-16 10:25:00,多,45740.0,45752.0,45728.0,45752.0,45728.0,45728.0,45745.0,45647.0
2026-09-16 10:40:00,空,45726.0,45739.0,45677.0,45696.0,45720.0,45746.0,45739.0,45739.0
2026-09-16 11:00:00,多,45760.0,45826.0,45747.0,45824.0,45747.0,45747.0,45760.0,45722.0
2026-09-16 11:15:00,多,45888.0,45956.0,45887.0,45934.0,45887.0,45887.0,45888.0,45844.0
2026-09-16 11:45:00,多,45974.0,46093.0,45971.0,46042.0,45971.0,45971.0,45988.0,45954.0
2026-09-16 12:30:00,空,45974.0,45974.0,45836.0,45836.0,45970.0,46016.0,45974.0,45974.0
2026-09-17 09:05:00,多,46571.0,46792.0,46565.0,46732.0,46565.0,46565.0,46588.0,46468.0
2026-09-17 09:30:00,多,46925.0,46992.0,46922.0,46963.0,46922.0,46922.0,46954.0,46895.0
2026-09-17 09:45:00,空,46855.0,46866.0,46747.0,46783.0,46813.0,46959.0,46866.0,46866.0
2026-09-17 10:25:00,空,46629.0,46633.0,46493.0,46539.0,46605.0,46695.0,46633.0,46633.0
2026-09-17 11:45:00,多,46715.0,46746.0,46681.0,46738.0,46681.0,46681.0,46728.0,46622.0
2026-09-17 12:30:00,空,46697.0,46698.0,46652.0,46664.0,46698.0,46746.0,46698.0,46698.0
2026-09-17 13:05:00,空,46709.0,46714.0,46648.0,46655.0,46682.0,46739.0,46714.0,46714.0
2026-09-17 13:40:00,空,46522.0,46528.0,46444.0,46445.0,46484.0,46607.0,46528.0,46528.0
2026-09-18 10:30:00,多,46995.0,47055.0,46994.0,47026.0,46897.0,47059.0,47010.0,46987.0
2026-09-18 11:05:00,多,47032.0,47152.0,47027.0,47147.0,47027.0,47027.0,47033.0,47018.0
2026-09-18 12:35:00,多,47323.0,47360.0,47322.0,47349.0,47322.0,47322.0,47344.0,47295.0
2026-09-21 09:10:00,多,47730.0,47797.0,47682.0,47796.0,47682.0,47682.0,47772.0,47568.0
2026-09-21 09:40:00,多,47863.0,47882.0,47833.0,47878.0,47833.0,47833.0,47868.0,47819.0
2026-09-21 10:35:00,多,47929.0,47983.0,47925.0,47965.0,47925.0,47925.0,47964.0,47890.0
2026-09-21 11:10:00,空,47882.0,47897.0,47826.0,47826.0,47872.0,47944.0,47897.0,47897.0
2026-09-21 12:45:00,多,47934.0,47970.0,47932.0,47958.0,47932.0,47932.0,47950.0,47884.0
2026-09-21 13:30:00,多,47987.0,48040.0,47980.0,48028.0,47980.0,47980.0,47994.0,47939.0
2026-09-22 09:15:00,空,48639.0,48639.0,48539.0,48540.0,48601.0,48814.0,48639.0,48639.0
2026-09-22 10:45:00,空,48544.0,48558.0,48472.0,48477.0,48545.0,48589.0,48558.0,48558.0
2026-09-22 11:40:00,空,48391.0,48409.0,48349.0,48351.0,48370.0,48447.0,48409.0,48409.0
2026-09-22 12:05:00,空,48310.0,48313.0,48231.0,48231.0,48257.0,48323.0,48313.0,48313.0
2026-09-22 13:15:00,空,48192.0,48203.0,48079.0,48107.0,48124.0,48231.0,48203.0,48203.0
2026-09-22 13:40:00,多,48178.0,48253.0,48170.0,48243.0,48170.0,48170.0,48183.0,48140.0
2026-09-23 09:35:00,空,48520.0,48538.0,48435.0,48451.0,48494.0,48540.0,48538.0,48538.0
2026-09-23 10:35:00,空,48416.0,48428.0,48373.0,48374.0,48404.0,48444.0,48428.0,48428.0
2026-09-23 11:15:00,空,48350.0,48355.0,48282.0,48306.0,48335.0,48390.0,48355.0,48355.0
2026-09-23 12:05:00,多,48311.0,48371.0,48307.0,48351.0,48307.0,48307.0,48315.0,48272.0
2026-09-23 12:45:00,空,48343.0,48344.0,48316.0,48324.0,48339.0,48354.0,48344.0,48344.0
2026-09-24 09:30:00,多,48119.0,48190.0,48102.0,48165.0,48102.0,48102.0,48123.0,47945.0
2026-09-24 10:10:00,空,48102.0,48121.0,48063.0,48074.0,48101.0,48200.0,48121.0,48121.0
2026-09-24 10:50:00,多,48237.0,48262.0,48223.0,48257.0,48223.0,48223.0,48254.0,48150.0
2026-09-24 11:55:00,空,48135.0,48151.0,48103.0,48112.0,48117.0,48246.0,48151.0,48151.0
2026-09-24 12:30:00,多,48117.0,48150.0,48103.0,48139.0,48103.0,48103.0,48123.0,48072.0
2026-09-24 13:00:00,多,48138.0,48194.0,48128.0,48194.0,48128.0,48128.0,48153.0,48110.0
2026-09-24 13:35:00,空,48159.0,48163.0,48122.0,48137.0,48156.0,48173.0,48163.0,48163.0
